, Knights, Eels, Knights, Eels, Knights, Eels, Knights, Eels, Knights, Eels, Knights, Eels, Knights, Eels, Knights, Eels, Knights, Eels, Knights, Eels, Knights, Eels, Knights, Eels, Knights, Eels, Knights, Eels, Knights, Eels, Knights, Eels, Knights, Eels, Knights, Eels, Knights, Eels, Knights, Eels, Knights, Eels, Knights, Eels, Knights, Eels, Knights, Eels, Knights, Eels, Knights, Eels, Knights, Eels, Knights, Eels, Knights, Eels, Knights, Eels, Knights, Eels, Knights, Eels, Knights, Eels, Knights, Eels, Knights, Eels, Knights, Eels, Knights, Eels, Knights, Eels, Knights, Eels, Knights, Eels, Knights, Eels, Knights, Eels, Knights, Eels, Knights, Eels, Knights, Eels, Knights, Eels, Knights, Eels, Knights, Eels, Knights, Eels, Knights, Eels, Knights, Eels, Knights, Eels, Knights, Eels, Knights, Eels, Knights, Eels, Knights, Eels, Knights, Eels, Knights, Eels, Knights, Eels, Knights, Eels, Knights, Eels, Knights, Eels, Knights, Eels, Knights, Eels, Knights, Eels, Knights, Eels, Knights, Eels, Knights, Eels, Knights, Eels, Knights, Eels, Knights, Eels, Knights, Eels, Knights, Eels, Knights, Eels, Knights, Eels, Knights, Eels, Knights, Eels, Knights, Eels, Knights, Eels, Knights, Eels, Knights, Eels, Knights, Eels, Knights, Eels, Knights, Eels, Knights, Eels, Knights, Eels, Knights, Eels, Knights, Eels, Knights, Eels, Knights, Eels, Knights, Eels, Knights, Eels, Knights, Eels, Knights, Eels, Knights, Eels, Knights, Eels, Knights, Eels, Knights, Eels, Knights, Eels, Knights, Eels, Knights, Eels, Knights, Eels, Knights, Eels, Knights, Eels, Knights, Eels, Knights, Eels, Knights, Eels, Knights, Eels, Knights, Eels, Knights, Eels, Knights, Eels, Knights, Eels, Knights, Eels, Knights, Eels, Knights, Eels, Knights, Eels, Knights, Eels, Knights, Eels, Knights, Eels, Knights, Eels, Knights, Eels, Knights, Eels, Knights, Eels, Knights, Eels, Knights, Eels, Knights, Eels, Knights, Eels, Knights, Eels
, Bulldogs, Bulldogs, Roosters, Roosters, Bulldogs, Bulldogs, Roosters, Roosters, Bulldogs, Bulldogs, Roosters, Roosters, Bulldogs, Bulldogs, Roosters, Roosters, Bulldogs, Bulldogs, Roosters, Roosters, Bulldogs, Bulldogs, Roosters, Roosters, Bulldogs, Bulldogs, Roosters, Roosters, Bulldogs, Bulldogs, Roosters, Roosters, Bulldogs, Bulldogs, Roosters, Roosters, Bulldogs, Bulldogs, Roosters, Roosters, Bulldogs, Bulldogs, Roosters, Roosters, Bulldogs, Bulldogs, Roosters, Roosters, Bulldogs, Bulldogs, Roosters, Roosters, Bulldogs, Bulldogs, Roosters, Roosters, Bulldogs, Bulldogs, Roosters, Roosters, Bulldogs, Bulldogs, Roosters, Roosters, Bulldogs, Bulldogs, Roosters, Roosters, Bulldogs, Bulldogs, Roosters, Roosters, Bulldogs, Bulldogs, Roosters, Roosters, Bulldogs, Bulldogs, Roosters, Roosters, Bulldogs, Bulldogs, Roosters, Roosters, Bulldogs, Bulldogs, Roosters, Roosters, Bulldogs, Bulldogs, Roosters, Roosters, Bulldogs, Bulldogs, Roosters, Roosters, Bulldogs, Bulldogs, Roosters, Roosters, Bulldogs, Bulldogs, Roosters, Roosters, Bulldogs, Bulldogs, Roosters, Roosters, Bulldogs, Bulldogs, Roosters, Roosters, Bulldogs, Bulldogs, Roosters, Roosters, Bulldogs, Bulldogs, Roosters, Roosters, Bulldogs, Bulldogs, Roosters, Roosters, Bulldogs, Bulldogs, Roosters, Roosters, Bulldogs, Bulldogs, Roosters, Roosters, Bulldogs, Bulldogs, Roosters, Roosters, Bulldogs, Bulldogs, Roosters, Roosters, Bulldogs, Bulldogs, Roosters, Roosters, Bulldogs, Bulldogs, Roosters, Roosters, Bulldogs, Bulldogs, Roosters, Roosters, Bulldogs, Bulldogs, Roosters, Roosters, Bulldogs, Bulldogs, Roosters, Roosters, Bulldogs, Bulldogs, Roosters, Roosters, Bulldogs, Bulldogs, Roosters, Roosters, Bulldogs, Bulldogs, Roosters, Roosters, Bulldogs, Bulldogs, Roosters, Roosters, Bulldogs, Bulldogs, Roosters, Roosters, Bulldogs, Bulldogs, Roosters, Roosters, Bulldogs, Bulldogs, Roosters, Roosters, Bulldogs, Bulldogs, Roosters, Roosters, Bulldogs, Bulldogs, Roosters, Roosters, Bulldogs, Bulldogs, Roosters, Roosters, Bulldogs, Bulldogs, Roosters, Roosters, Bulldogs, Bulldogs, Roosters, Roosters, Bulldogs, Bulldogs, Roosters, Roosters, Bulldogs, Bulldogs, Roosters, Roosters, Bulldogs, Bulldogs, Roosters, Roosters, Bulldogs, Bulldogs, Roosters, Roosters, Bulldogs, Bulldogs, Roosters, Roosters, Bulldogs, Bulldogs, Roosters, Roosters, Bulldogs, Bulldogs, Roosters, Roosters, Bulldogs, Bulldogs, Roosters, Roosters, Bulldogs, Bulldogs, Roosters, Roosters, Bulldogs, Bulldogs, Roosters, Roosters, Bulldogs, Bulldogs, Roosters, Roosters, Bulldogs, Bulldogs, Roosters, Roosters
, Dolphins, Dolphins, Dolphins, Dolphins, Warriors, Warriors, Warriors, Warriors, Dolphins, Dolphins, Dolphins, Dolphins, Warriors, Warriors, Warriors, Warriors, Dolphins, Dolphins, Dolphins, Dolphins, Warriors, Warriors, Warriors, Warriors, Dolphins, Dolphins, Dolphins, Dolphins, Warriors, Warriors, Warriors, Warriors, Dolphins, Dolphins, Dolphins, Dolphins, Warriors, Warriors, Warriors, Warriors, Dolphins, Dolphins, Dolphins, Dolphins, Warriors, Warriors, Warriors, Warriors, Dolphins, Dolphins, Dolphins, Dolphins, Warriors, Warriors, Warriors, Warriors, Dolphins, Dolphins, Dolphins, Dolphins, Warriors, Warriors, Warriors, Warriors, Dolphins, Dolphins, Dolphins, Dolphins, Warriors, Warriors, Warriors, Warriors, Dolphins, Dolphins, Dolphins, Dolphins, Warriors, Warriors, Warriors, Warriors, Dolphins, Dolphins, Dolphins, Dolphins, Warriors, Warriors, Warriors, Warriors, Dolphins, Dolphins, Dolphins, Dolphins, Warriors, Warriors, Warriors, Warriors, Dolphins, Dolphins, Dolphins, Dolphins, Warriors, Warriors, Warriors, Warriors, Dolphins, Dolphins, Dolphins, Dolphins, Warriors, Warriors, Warriors, Warriors, Dolphins, Dolphins, Dolphins, Dolphins, Warriors, Warriors, Warriors, Warriors, Dolphins, Dolphins, Dolphins, Dolphins, Warriors, Warriors, Warriors, Warriors, Dolphins, Dolphins, Dolphins, Dolphins, Warriors, Warriors, Warriors, Warriors, Dolphins, Dolphins, Dolphins, Dolphins, Warriors, Warriors, Warriors, Warriors, Dolphins, Dolphins, Dolphins, Dolphins, Warriors, Warriors, Warriors, Warriors, Dolphins, Dolphins, Dolphins, Dolphins, Warriors, Warriors, Warriors, Warriors, Dolphins, Dolphins, Dolphins, Dolphins, Warriors, Warriors, Warriors, Warriors, Dolphins, Dolphins, Dolphins, Dolphins, Warriors, Warriors, Warriors, Warriors, Dolphins, Dolphins, Dolphins, Dolphins, Warriors, Warriors, Warriors, Warriors, Dolphins, Dolphins, Dolphins, Dolphins, Warriors, Warriors, Warriors, Warriors, Dolphins, Dolphins, Dolphins, Dolphins, Warriors, Warriors, Warriors, Warriors, Dolphins, Dolphins, Dolphins, Dolphins, Warriors, Warriors, Warriors, Warriors, Dolphins, Dolphins, Dolphins, Dolphins, Warriors, Warriors, Warriors, Warriors, Dolphins, Dolphins, Dolphins, Dolphins, Warriors, Warriors, Warriors, Warriors, Dolphins, Dolphins, Dolphins, Dolphins, Warriors, Warriors, Warriors, Warriors, Dolphins, Dolphins, Dolphins, Dolphins, Warriors, Warriors, Warriors, Warriors, Dolphins, Dolphins, Dolphins, Dolphins, Warriors, Warriors, Warriors, Warriors, Dolphins, Dolphins, Dolphins, Dolphins, Warriors, Warriors, Warriors, Warriors
, Cowboys, Cowboys, Cowboys, Cowboys, Cowboys, Cowboys, Cowboys, Cowboys, Manly, Manly, Manly, Manly, Manly, Manly, Manly, Manly, Cowboys, Cowboys, Cowboys, Cowboys, Cowboys, Cowboys, Cowboys, Cowboys, Manly, Manly, Manly, Manly, Manly, Manly, Manly, Manly, Cowboys, Cowboys, Cowboys, Cowboys, Cowboys, Cowboys, Cowboys, Cowboys, Manly, Manly, Manly, Manly, Manly, Manly, Manly, Manly, Cowboys, Cowboys, Cowboys, Cowboys, Cowboys, Cowboys, Cowboys, Cowboys, Manly, Manly, Manly, Manly, Manly, Manly, Manly, Manly, Cowboys, Cowboys, Cowboys, Cowboys, Cowboys, Cowboys, Cowboys, Cowboys, Manly, Manly, Manly, Manly, Manly, Manly, Manly, Manly, Cowboys, Cowboys, Cowboys, Cowboys, Cowboys, Cowboys, Cowboys, Cowboys, Manly, Manly, Manly, Manly, Manly, Manly, Manly, Manly, Cowboys, Cowboys, Cowboys, Cowboys, Cowboys, Cowboys, Cowboys, Cowboys, Manly, Manly, Manly, Manly, Manly, Manly, Manly, Manly, Cowboys, Cowboys, Cowboys, Cowboys, Cowboys, Cowboys, Cowboys, Cowboys, Manly, Manly, Manly, Manly, Manly, Manly, Manly, Manly, Cowboys, Cowboys, Cowboys, Cowboys, Cowboys, Cowboys, Cowboys, Cowboys, Manly, Manly, Manly, Manly, Manly, Manly, Manly, Manly, Cowboys, Cowboys, Cowboys, Cowboys, Cowboys, Cowboys, Cowboys, Cowboys, Manly, Manly, Manly, Manly, Manly, Manly, Manly, Manly, Cowboys, Cowboys, Cowboys, Cowboys, Cowboys, Cowboys, Cowboys, Cowboys, Manly, Manly, Manly, Manly, Manly, Manly, Manly, Manly, Cowboys, Cowboys, Cowboys, Cowboys, Cowboys, Cowboys, Cowboys, Cowboys, Manly, Manly, Manly, Manly, Manly, Manly, Manly, Manly, Cowboys, Cowboys, Cowboys, Cowboys, Cowboys, Cowboys, Cowboys, Cowboys, Manly, Manly, Manly, Manly, Manly, Manly, Manly, Manly, Cowboys, Cowboys, Cowboys, Cowboys, Cowboys, Cowboys, Cowboys, Cowboys, Manly, Manly, Manly, Manly, Manly, Manly, Manly, Manly, Cowboys, Cowboys, Cowboys, Cowboys, Cowboys, Cowboys, Cowboys, Cowboys, Manly, Manly, Manly, Manly, Manly, Manly, Manly, Manly, Cowboys, Cowboys, Cowboys, Cowboys, Cowboys, Cowboys, Cowboys, Cowboys, Manly, Manly, Manly, Manly, Manly, Manly, Manly, Manly
, Sharks, Sharks, Sharks, Sharks, Sharks, Sharks, Sharks, Sharks, Sharks, Sharks, Sharks, Sharks, Sharks, Sharks, Sharks, Sharks, Storm, Storm, Storm, Storm, Storm, Storm, Storm, Storm, Storm, Storm, Storm, Storm, Storm, Storm, Storm, Storm, Sharks, Sharks, Sharks, Sharks, Sharks, Sharks, Sharks, Sharks, Sharks, Sharks, Sharks, Sharks, Sharks, Sharks, Sharks, Sharks, Storm, Storm, Storm, Storm, Storm, Storm, Storm, Storm, Storm, Storm, Storm, Storm, Storm, Storm, Storm, Storm, Sharks, Sharks, Sharks, Sharks, Sharks, Sharks, Sharks, Sharks, Sharks, Sharks, Sharks, Sharks, Sharks, Sharks, Sharks, Sharks, Storm, Storm, Storm, Storm, Storm, Storm, Storm, Storm, Storm, Storm, Storm, Storm, Storm, Storm, Storm, Storm, Sharks, Sharks, Sharks, Sharks, Sharks, Sharks, Sharks, Sharks, Sharks, Sharks, Sharks, Sharks, Sharks, Sharks, Sharks, Sharks, Storm, Storm, Storm, Storm, Storm, Storm, Storm, Storm, Storm, Storm, Storm, Storm, Storm, Storm, Storm, Storm, Sharks, Sharks, Sharks, Sharks, Sharks, Sharks, Sharks, Sharks, Sharks, Sharks, Sharks, Sharks, Sharks, Sharks, Sharks, Sharks, Storm, Storm, Storm, Storm, Storm, Storm, Storm, Storm, Storm, Storm, Storm, Storm, Storm, Storm, Storm, Storm, Sharks, Sharks, Sharks, Sharks, Sharks, Sharks, Sharks, Sharks, Sharks, Sharks, Sharks, Sharks, Sharks, Sharks, Sharks, Sharks, Storm, Storm, Storm, Storm, Storm, Storm, Storm, Storm, Storm, Storm, Storm, Storm, Storm, Storm, Storm, Storm, Sharks, Sharks, Sharks, Sharks, Sharks, Sharks, Sharks, Sharks, Sharks, Sharks, Sharks, Sharks, Sharks, Sharks, Sharks, Sharks, Storm, Storm, Storm, Storm, Storm, Storm, Storm, Storm, Storm, Storm, Storm, Storm, Storm, Storm, Storm, Storm, Sharks, Sharks, Sharks, Sharks, Sharks, Sharks, Sharks, Sharks, Sharks, Sharks, Sharks, Sharks, Sharks, Sharks, Sharks, Sharks, Storm, Storm, Storm, Storm, Storm, Storm, Storm, Storm, Storm, Storm, Storm, Storm, Storm, Storm, Storm, Storm
, Broncos, Broncos, Broncos, Broncos, Broncos, Broncos, Broncos, Broncos, Broncos, Broncos, Broncos, Broncos, Broncos, Broncos, Broncos, Broncos, Broncos, Broncos, Broncos, Broncos, Broncos, Broncos, Broncos, Broncos, Broncos, Broncos, Broncos, Broncos, Broncos, Broncos, Broncos, Broncos, Dragons, Dragons, Dragons, Dragons, Dragons, Dragons, Dragons, Dragons, Dragons, Dragons, Dragons, Dragons, Dragons, Dragons, Dragons, Dragons, Dragons, Dragons, Dragons, Dragons, Dragons, Dragons, Dragons, Dragons, Dragons, Dragons, Dragons, Dragons, Dragons, Dragons, Dragons, Dragons, Broncos, Broncos, Broncos, Broncos, Broncos, Broncos, Broncos, Broncos, Broncos, Broncos, Broncos, Broncos, Broncos, Broncos, Broncos, Broncos, Broncos, Broncos, Broncos, Broncos, Broncos, Broncos, Broncos, Broncos, Broncos, Broncos, Broncos, Broncos, Broncos, Broncos, Broncos, Broncos, Dragons, Dragons, Dragons, Dragons, Dragons, Dragons, Dragons, Dragons, Dragons, Dragons, Dragons, Dragons, Dragons, Dragons, Dragons, Dragons, Dragons, Dragons, Dragons, Dragons, Dragons, Dragons, Dragons, Dragons, Dragons, Dragons, Dragons, Dragons, Dragons, Dragons, Dragons, Dragons, Broncos, Broncos, Broncos, Broncos, Broncos, Broncos, Broncos, Broncos, Broncos, Broncos, Broncos, Broncos, Broncos, Broncos, Broncos, Broncos, Broncos, Broncos, Broncos, Broncos, Broncos, Broncos, Broncos, Broncos, Broncos, Broncos, Broncos, Broncos, Broncos, Broncos, Broncos, Broncos, Dragons, Dragons, Dragons, Dragons, Dragons, Dragons, Dragons, Dragons, Dragons, Dragons, Dragons, Dragons, Dragons, Dragons, Dragons, Dragons, Dragons, Dragons, Dragons, Dragons, Dragons, Dragons, Dragons, Dragons, Dragons, Dragons, Dragons, Dragons, Dragons, Dragons, Dragons, Dragons, Broncos, Broncos, Broncos, Broncos, Broncos, Broncos, Broncos, Broncos, Broncos, Broncos, Broncos, Broncos, Broncos, Broncos, Broncos, Broncos, Broncos, Broncos, Broncos, Broncos, Broncos, Broncos, Broncos, Broncos, Broncos, Broncos, Broncos, Broncos, Broncos, Broncos, Broncos, Broncos, Dragons, Dragons, Dragons, Dragons, Dragons, Dragons, Dragons, Dragons, Dragons, Dragons, Dragons, Dragons, Dragons, Dragons, Dragons, Dragons, Dragons, Dragons, Dragons, Dragons, Dragons, Dragons, Dragons, Dragons, Dragons, Dragons, Dragons, Dragons, Dragons, Dragons, Dragons, Dragons
, Raiders, Raiders, Raiders, Raiders, Raiders, Raiders, Raiders, Raiders, Raiders, Raiders, Raiders, Raiders, Raiders, Raiders, Raiders, Raiders, Raiders, Raiders, Raiders, Raiders, Raiders, Raiders, Raiders, Raiders, Raiders, Raiders, Raiders, Raiders, Raiders, Raiders, Raiders, Raiders, Raiders, Raiders, Raiders, Raiders, Raiders, Raiders, Raiders, Raiders, Raiders, Raiders, Raiders, Raiders, Raiders, Raiders, Raiders, Raiders, Raiders, Raiders, Raiders, Raiders, Raiders, Raiders, Raiders, Raiders, Raiders, Raiders, Raiders, Raiders, Raiders, Raiders, Raiders, Raiders, Titans, Titans, Titans, Titans, Titans, Titans, Titans, Titans, Titans, Titans, Titans, Titans, Titans, Titans, Titans, Titans, Titans, Titans, Titans, Titans, Titans, Titans, Titans, Titans, Titans, Titans, Titans, Titans, Titans, Titans, Titans, Titans, Titans, Titans, Titans, Titans, Titans, Titans, Titans, Titans, Titans, Titans, Titans, Titans, Titans, Titans, Titans, Titans, Titans, Titans, Titans, Titans, Titans, Titans, Titans, Titans, Titans, Titans, Titans, Titans, Titans, Titans, Titans, Titans, Raiders, Raiders, Raiders, Raiders, Raiders, Raiders, Raiders, Raiders, Raiders, Raiders, Raiders, Raiders, Raiders, Raiders, Raiders, Raiders, Raiders, Raiders, Raiders, Raiders, Raiders, Raiders, Raiders, Raiders, Raiders, Raiders, Raiders, Raiders, Raiders, Raiders, Raiders, Raiders, Raiders, Raiders, Raiders, Raiders, Raiders, Raiders, Raiders, Raiders, Raiders, Raiders, Raiders, Raiders, Raiders, Raiders, Raiders, Raiders, Raiders, Raiders, Raiders, Raiders, Raiders, Raiders, Raiders, Raiders, Raiders, Raiders, Raiders, Raiders, Raiders, Raiders, Raiders, Raiders, Titans, Titans, Titans, Titans, Titans, Titans, Titans, Titans, Titans, Titans, Titans, Titans, Titans, Titans, Titans, Titans, Titans, Titans, Titans, Titans, Titans, Titans, Titans, Titans, Titans, Titans, Titans, Titans, Titans, Titans, Titans, Titans, Titans, Titans, Titans, Titans, Titans, Titans, Titans, Titans, Titans, Titans, Titans, Titans, Titans, Titans, Titans, Titans, Titans, Titans, Titans, Titans, Titans, Titans, Titans, Titans, Titans, Titans, Titans, Titans, Titans, Titans, Titans, Titans
, Tigers, Tigers, Tigers, Tigers, Tigers, Tigers, Tigers, Tigers, Tigers, Tigers, Tigers, Tigers, Tigers, Tigers, Tigers, Tigers, Tigers, Tigers, Tigers, Tigers, Tigers, Tigers, Tigers, Tigers, Tigers, Tigers, Tigers, Tigers, Tigers, Tigers, Tigers, Tigers, Tigers, Tigers, Tigers, Tigers, Tigers, Tigers, Tigers, Tigers, Tigers, Tigers, Tigers, Tigers, Tigers, Tigers, Tigers, Tigers, Tigers, Tigers, Tigers, Tigers, Tigers, Tigers, Tigers, Tigers, Tigers, Tigers, Tigers, Tigers, Tigers, Tigers, Tigers, Tigers, Tigers, Tigers, Tigers, Tigers, Tigers, Tigers, Tigers, Tigers, Tigers, Tigers, Tigers, Tigers, Tigers, Tigers, Tigers, Tigers, Tigers, Tigers, Tigers, Tigers, Tigers, Tigers, Tigers, Tigers, Tigers, Tigers, Tigers, Tigers, Tigers, Tigers, Tigers, Tigers, Tigers, Tigers, Tigers, Tigers, Tigers, Tigers, Tigers, Tigers, Tigers, Tigers, Tigers, Tigers, Tigers, Tigers, Tigers, Tigers, Tigers, Tigers, Tigers, Tigers, Tigers, Tigers, Tigers, Tigers, Tigers, Tigers, Tigers, Tigers, Tigers, Tigers, Tigers, Tigers, Rabbitohs, Rabbitohs, Rabbitohs, Rabbitohs, Rabbitohs, Rabbitohs, Rabbitohs, Rabbitohs, Rabbitohs, Rabbitohs, Rabbitohs, Rabbitohs, Rabbitohs, Rabbitohs, Rabbitohs, Rabbitohs, Rabbitohs, Rabbitohs, Rabbitohs, Rabbitohs, Rabbitohs, Rabbitohs, Rabbitohs, Rabbitohs, Rabbitohs, Rabbitohs, Rabbitohs, Rabbitohs, Rabbitohs, Rabbitohs, Rabbitohs, Rabbitohs, Rabbitohs, Rabbitohs, Rabbitohs, Rabbitohs, Rabbitohs, Rabbitohs, Rabbitohs, Rabbitohs, Rabbitohs, Rabbitohs, Rabbitohs, Rabbitohs, Rabbitohs, Rabbitohs, Rabbitohs, Rabbitohs, Rabbitohs, Rabbitohs, Rabbitohs, Rabbitohs, Rabbitohs, Rabbitohs, Rabbitohs, Rabbitohs, Rabbitohs, Rabbitohs, Rabbitohs, Rabbitohs, Rabbitohs, Rabbitohs, Rabbitohs, Rabbitohs, Rabbitohs, Rabbitohs, Rabbitohs, Rabbitohs, Rabbitohs, Rabbitohs, Rabbitohs, Rabbitohs, Rabbitohs, Rabbitohs, Rabbitohs, Rabbitohs, Rabbitohs, Rabbitohs, Rabbitohs, Rabbitohs, Rabbitohs, Rabbitohs, Rabbitohs, Rabbitohs, Rabbitohs, Rabbitohs, Rabbitohs, Rabbitohs, Rabbitohs, Rabbitohs, Rabbitohs, Rabbitohs, Rabbitohs, Rabbitohs, Rabbitohs, Rabbitohs, Rabbitohs, Rabbitohs, Rabbitohs, Rabbitohs, Rabbitohs, Rabbitohs, Rabbitohs, Rabbitohs, Rabbitohs, Rabbitohs, Rabbitohs, Rabbitohs, Rabbitohs, Rabbitohs, Rabbitohs, Rabbitohs, Rabbitohs, Rabbitohs, Rabbitohs, Rabbitohs, Rabbitohs, Rabbitohs, Rabbitohs, Rabbitohs, Rabbitohs, Rabbitohs, Rabbitohs, Rabbitohs, Rabbitohs, Rabbitohs, Rabbitohs, Rabbitohs
Storm, 12.866465374500827, 13.473145780051151, 19.047619047619047, 19.64198136341344, 10.431963383236388, 11.045991854574352, 17.0064874884152, 16.924191211974893, 14.838597709128775, 14.190932546995946, 19.403630077787383, 23.287057769816393, 12.018826693561943, 12.027245025990322, 17.052023121387283, 16.587060356057318, 32.12020627111612, 32.56177666562402, 43.76992176180817, 44.327858880778585, 29.378363991246232, 29.767782044249408, 40.31741612139774, 39.34162399414777, 34.24331058390207, 34.140944794778186, 46.88221709006928, 44.81927710843374, 32.05328338016443, 30.538790738505433, 40.868681737363474, 42.0997920997921, 13.68826719954325, 13.490650044523598, 22.127514490282987, 21.272792277440114, 12.135922330097088, 11.640513552068473, 17.062562730010036, 17.34982332155477, 13.892365456821027, 14.813843733613005, 21.299188007495314, 21.873074553296366, 12.469850458273033, 12.898330804248861, 19.126328217237308, 19.12568306010929, 33.59993045292533, 33.984409999104024, 46.688879633486046, 45.65888056412516, 31.13858055835856, 31.06488011283498, 41.35814690160365, 40.797085922434114, 36.13816189896531, 36.09794628751975, 47.97773654916512, 50.231481481481474, 33.03021413904371, 32.9660096228465, 45.323221379559406, 42.86245353159852, 14.48382126348228, 13.14784506273868, 21.62849872773537, 21.038961038961038, 11.01566447700859, 13.10344827586207, 20.77922077922078, 17.843866171003718, 14.800759013282732, 16.85823754789272, 24.288840262582056, 28.08219178082192, 12.577502214348982, 12.465627864344638, 19.599109131403118, 21.68141592920354, 35.10835913312694, 35.15111695137976, 48.33456698741673, 46.437149719775825, 32.004981320049815, 31.4975845410628, 42.98375184638109, 42.028985507246375, 37.034980566352026, 36.77884615384615, 52.054794520547944, 49.327354260089685, 30.58690744920993, 34.58162668227033, 43.67666232073012, 45.507246376811594, 15.6158357771261, 14.98847040737894, 19.52861952861953, 25.6140350877193, 14.864864864864865, 13.948339483394834, 18.448275862068968, 21.428571428571427, 16.481994459833796, 18.620689655172416, 29.96941896024465, 24.085365853658537, 13.451776649746192, 13.537675606641125, 22.79202279202279, 24.675324675324674, 36.86514886164623, 37.04212454212454, 50.332594235033255, 50.21978021978022, 33.063139931740615, 32.08159480760315, 45.00525762355415, 44.12081984897519, 40.09942004971003, 38.89845094664372, 52.84552845528455, 54.24430641821946, 35.524372230428355, 32.926829268292686, 45.16129032258064, 45.28301886792453, 12.489934687304286, 12.690118503312494, 18.601190476190478, 19.753086419753085, 10.877434925012928, 10.999543587403013, 16.75977653631285, 16.405074177596216, 12.566975158304919, 13.20971447325238, 21.447928765001937, 20.82810539523212, 11.37947050627032, 11.157556270096464, 18.17512877115526, 18.80539499036609, 32.72458045409674, 32.59491864116472, 44.07008086253369, 44.38685036147865, 29.099515983192383, 30.10571300044984, 38.93326462251997, 39.69789320259706, 33.115338882283, 35.07970352320032, 46.146549679867206, 44.96870486278286, 30.382026732391697, 30.902879453391897, 41.89891355692017, 40.75374531835206, 12.648425400103253, 13.96030371653124, 19.576399394856278, 20.27027027027027, 11.581067472306144, 11.775385812475685, 17.529165420281185, 17.451523545706372, 13.648648648648647, 13.636363636363635, 22.154696132596683, 21.76759410801964, 12.197778261816598, 12.686738680763042, 18.196371398078977, 17.277200656096227, 33.798017348203224, 34.418604651162795, 44.299614466678904, 44.292415949960905, 31.017350760528934, 31.348110751755147, 40.98478066248881, 41.79307662388176, 35.50097683505442, 36.55536028119508, 47.17863105175292, 46.44483362521891, 31.54471544715447, 30.92375366568915, 41.629104958145525, 44.056891296986116, 14.827096162955943, 13.164193393968407, 21.896162528216703, 21.980413492927095, 12.982296867907401, 11.852207293666027, 19.37639198218263, 18.50613154960981, 15.144032921810698, 13.386524822695037, 23.89937106918239, 23.060796645702304, 12.470588235294118, 14.332247557003258, 20.650095602294456, 21.042471042471043, 34.77043673012318, 34.16965352449223, 48.63636363636364, 48.67647058823529, 32.611080636313766, 32.312535775615345, 43.51145038167939, 44.44444444444444, 36.41912512716175, 35.78378378378378, 51.01265822784811, 50.24691358024691, 32.640232108317214, 33.80281690140845, 47.97687861271676, 44.30844553243574, 14.682539682539684, 15.030885380919697, 21.69230769230769, 24.579124579124578, 13.4640522875817, 13.35131490222522, 18.865030674846626, 17.731629392971247, 17.84869976359338, 17.425227568270483, 23.229461756373937, 25.14450867052023, 13.85135135135135, 14.34108527131783, 20.679012345679013, 19.273743016759777, 36.879139072847686, 36.60675142481368, 48.18763326226013, 47.30417090539166, 31.699477701888306, 31.818181818181817, 44.896030245746694, 43.641618497109825, 37.08751793400287, 35.38219070133964, 52.38938053097345, 50.901803607214426, 32.97872340425532, 34.99267935578331, 46.478873239436616, 49.81818181818182
Bulldogs, 57.52410636018311, 56.41943734015346, 31.70731707317073, 30.946542422756252, 54.41975779536568, 54.107479884772026, 29.101019462465246, 28.488652824722354, 55.206525511975016, 57.44563214154073, 30.466724286949002, 31.303179579041647, 54.27802992099513, 53.629682738842085, 30.5532617671346, 28.918801563178466, 50.323039535297255, 48.55176728182671, 25.949000289771078, 25.319343065693428, 47.66073224108357, 46.9250929481319, 23.472086871780593, 24.02340892465252, 49.20376990575235, 48.35711915034849, 24.993584808827304, 26.69344042838019, 46.59173691331044, 46.71348622846483, 24.866649733299468, 23.51871101871102, 56.60862118184413, 56.262986049272776, 31.026252983293556, 30.782981766178047, 54.01833872707659, 53.751783166904424, 29.207092673134827, 29.469964664310954, 57.09637046307885, 55.977975878342946, 31.54278575890069, 32.224276032039434, 55.45103714423541, 55.08345978755691, 30.460448642266826, 29.568913175470552, 49.86525254281492, 48.85762924469134, 26.322365680966264, 25.583957690612603, 47.50252270433905, 46.729548660084625, 24.054642645020788, 23.698307263766875, 48.73706634205721, 48.309636650868875, 25.231910946196663, 24.11265432098765, 47.066588442358466, 46.329349681825235, 24.702058504875406, 24.275092936802974, 62.557781201849, 62.138570649208944, 33.460559796437664, 38.311688311688314, 59.32289034866094, 58.355437665782496, 30.460448642266826, 33.82899628252788, 62.99810246679317, 61.97318007662835, 35.886214442013134, 34.93150684931507, 60.673162090345436, 58.661778185151235, 36.97104677060133, 29.424778761061948, 53.25077399380805, 52.56241787122208, 30.866025166543302, 29.063250600480384, 50.249066002490665, 51.368760064412236, 28.13884785819793, 26.54462242562929, 51.63797890061077, 52.463942307692314, 28.21917808219178, 32.436472346786246, 53.1038374717833, 49.97074312463429, 27.509778357235987, 24.637681159420293, 63.26979472140762, 61.49116064565718, 37.71043771043771, 36.49122807017544, 57.36486486486486, 56.97416974169742, 33.793103448275865, 31.292517006802722, 61.634349030470915, 60.41379310344828, 36.69724770642202, 38.71951219512195, 58.75634517766497, 59.131545338441896, 27.350427350427353, 32.7922077922078, 52.53940455341506, 52.15201465201466, 28.04878048780488, 28.79120879120879, 49.189419795221845, 51.18219749652295, 26.18296529968454, 26.21359223300971, 49.29577464788733, 50.602409638554214, 29.065040650406505, 26.91511387163561, 49.70457902511078, 50.162601626016254, 26.881720430107524, 27.735849056603772, 56.4194327637112, 55.34198003172529, 31.61139455782313, 30.011223344556676, 54.07688329598345, 53.2816065723414, 29.52617421891165, 27.284454955923458, 58.40233804188991, 56.055136199540534, 32.21060782036392, 29.31827687160184, 55.9684161634928, 54.437299035369776, 29.94849153789551, 28.208092485549134, 48.70571459910058, 48.198686839851554, 25.040431266846362, 24.771518210339654, 47.16770384554013, 46.345029239766085, 24.027312548312292, 22.88326487345965, 49.75227903289735, 47.12153518123667, 24.994071614892103, 24.747231584015406, 48.08038676651815, 46.40312347486579, 24.42135096835144, 23.29119850187266, 58.23438306659783, 55.62808045823898, 31.195158850226928, 30.727155727155726, 53.92749244712991, 53.92296718972895, 29.07568052647323, 29.270544783010155, 59.50450450450451, 57.465850211964195, 32.209944751381215, 32.0240043644299, 55.260291875408406, 55.68834750632039, 29.989327641408753, 28.8135593220339, 49.27973977695167, 47.972256221950225, 26.25298329355609, 25.13682564503518, 47.412672934342275, 45.54705371933423, 23.652641002685765, 22.578763127187866, 49.23248674295283, 46.968365553602816, 25.34223706176962, 24.238178633975483, 48.23848238482385, 47.683284457478, 25.01609787508049, 24.11107348459194, 60.01894836570346, 60.26807084729535, 34.537246049661405, 34.60282916213275, 58.05719473445302, 57.82149712092131, 33.74164810690423, 29.76588628762542, 61.89300411522633, 62.23404255319149, 33.75262054507338, 29.350104821802937, 58.35294117647059, 56.10749185667753, 36.7112810707457, 34.55598455598455, 52.15565509518477, 51.821983273596175, 27.98701298701299, 25.882352941176475, 50.3565551289084, 49.08414424728105, 27.099236641221374, 26.287262872628723, 52.9501525940997, 53.51351351351351, 28.73417721518987, 26.79012345679012, 50.338491295938105, 48.87845592070944, 26.1271676300578, 26.31578947368421, 62.301587301587304, 61.221688400823616, 34.46153846153846, 36.195286195286194, 57.25490196078431, 58.192852326365475, 32.97546012269939, 31.789137380191697, 61.22931442080378, 61.118335500650204, 35.69405099150141, 35.83815028901734, 57.88288288288288, 57.235142118863045, 29.629629629629626, 34.07821229050279, 51.49006622516556, 50.81104778605875, 30.06396588486141, 29.298067141403866, 51.14503816793893, 49.50859950859951, 26.46502835538752, 26.107899807321772, 53.012912482066, 52.95508274231678, 27.256637168141594, 29.058116232464933, 51.63120567375886, 46.33967789165447, 29.225352112676056, 25.818181818181817
Sharks, 9.116587123794682, 9.166240409207163, 13.495934959349592, 13.952918097106426, 8.69648135787165, 8.016290851296315, 10.936051899907321, 12.09560598744568, 10.204790003471018, 9.380759307040176, 14.822817631806394, 14.823107926556203, 8.438393007228106, 8.388600107546155, 11.849710982658959, 11.6804168475901, 1.6300160037934917, 1.6515483265561464, 2.4485656331498116, 2.524330900243309, 1.3662979830839297, 1.3287011641372586, 1.7402199638034248, 2.267739575713241, 1.668291626042682, 1.6041597521849762, 2.4634334103156275, 2.918340026773762, 1.3112706837339994, 1.525293536705805, 2.3368046736093473, 2.676715176715177, 9.648872395089922, 9.468685069753636, 13.80838731674054, 13.907758312477656, 8.1445523193096, 8.758915834522112, 11.34158581465373, 10.3886925795053, 9.912390488110137, 9.805977975878342, 13.741411617738914, 15.157116451016636, 8.779546550892427, 7.966616084977238, 12.455726092089728, 11.232544019429264, 1.4344084151960357, 1.4873219245587312, 2.394835485214494, 2.3358307624504184, 1.1352169525731584, 1.2958392101551481, 2.0787962779647593, 1.9927148060852797, 1.4150943396226416, 1.6429699842022119, 2.2263450834879404, 3.3179012345679015, 1.3640363743033148, 1.2571783330746547, 1.8057060310581439, 2.2304832713754648, 10.477657935285054, 9.874522640480087, 17.048346055979643, 13.116883116883116, 9.348155634158665, 8.435013262599469, 13.57733175914994, 13.382899628252787, 9.108159392789373, 10.153256704980842, 18.818380743982495, 17.35159817351598, 8.945969884853854, 10.357470210815766, 12.24944320712695, 16.150442477876105, 1.4241486068111455, 2.0039421813403417, 2.6646928201332347, 3.122497998398719, 1.3075965130759652, 1.288244766505636, 2.2895125553914326, 2.822273073989321, 1.4436424208772902, 2.1033653846153846, 2.73972602739726, 3.587443946188341, 1.4108352144469527, 1.579871269748391, 2.737940026075619, 1.7391304347826086, 9.457478005865102, 9.607993850883934, 18.51851851851852, 16.315789473684212, 9.054054054054054, 9.815498154981551, 15.689655172413794, 15.476190476190476, 11.218836565096952, 8.96551724137931, 12.232415902140673, 15.548780487804878, 9.517766497461928, 10.472541507024266, 15.384615384615385, 13.636363636363635, 1.5761821366024518, 1.6941391941391941, 3.436807095343681, 2.5274725274725274, 1.493174061433447, 1.7153453871117292, 2.5236593059936907, 2.912621359223301, 2.1541010770505387, 1.8072289156626504, 2.642276422764228, 2.070393374741201, 1.6248153618906942, 1.2195121951219512, 2.6881720430107525, 4.150943396226415, 9.304822403149325, 9.060371372585612, 12.202380952380953, 13.849607182940515, 7.817617652128943, 7.905066179826563, 11.504241671839436, 12.642442485486994, 9.10862152946907, 9.025270758122744, 14.014711575687185, 13.969050606440819, 7.648242762037468, 8.19935691318328, 12.877115526122148, 12.716763005780345, 1.491718767138313, 1.3359977162432202, 2.2641509433962264, 2.7008593643432, 1.239295782139248, 1.282051282051282, 1.9711414583870137, 2.000795017887903, 1.4070550931430836, 1.6042237790638643, 2.1342186388427793, 2.5517573423206548, 1.2702625841311972, 1.2103465104929234, 1.7241379310344827, 1.849250936329588, 8.789364997418689, 9.67097375782603, 13.010590015128592, 13.030888030888029, 7.313695871097684, 8.105304111010245, 10.409811546515106, 11.757463835026162, 8.67117117117117, 9.185115402731983, 13.038674033149173, 12.984178941625752, 7.863210629492485, 7.8142955642381065, 11.953041622198505, 12.68452706396938, 1.2391573729863694, 1.5340677274581804, 2.1479713603818613, 2.2087568412822516, 1.1923870671864252, 1.4041176934605981, 1.8800358102059087, 2.100350058343057, 1.5629360870778677, 1.4499121265377855, 2.2036727879799667, 2.5919439579684767, 1.3956639566395665, 1.4222873900293256, 2.092723760463619, 2.1672875042329833, 10.04263382283278, 11.201531833413117, 15.914221218961625, 16.866158868335145, 10.031774852473898, 9.884836852207293, 12.026726057906458, 13.489409141583057, 11.934156378600823, 11.879432624113475, 15.723270440251572, 16.9811320754717, 9.88235294117647, 9.690553745928339, 11.854684512428298, 12.934362934362934, 2.0716685330347144, 2.2700119474313025, 3.051948051948052, 2.6470588235294117, 1.426220515633571, 1.8030910131654265, 2.480916030534351, 2.0325203252032518, 1.8819938962360123, 2.27027027027027, 2.0253164556962027, 4.197530864197531, 1.4990328820116054, 1.6692749087115284, 2.5433526011560694, 3.182374541003672, 10.251322751322752, 9.74605353466026, 19.384615384615383, 16.835016835016837, 8.49673202614379, 8.631153068105192, 12.269938650306749, 14.217252396166133, 9.456264775413711, 10.143042912873861, 15.29745042492918, 18.20809248554913, 8.896396396396396, 10.20671834625323, 15.74074074074074, 17.039106145251395, 2.2764900662251653, 1.709776413853573, 2.55863539445629, 3.3570701932858595, 1.888308557653676, 2.211302211302211, 2.551984877126654, 3.275529865125241, 1.6499282639885222, 2.6004728132387704, 3.893805309734513, 4.609218436873747, 0.9929078014184398, 1.7569546120058566, 2.992957746478873, 2.0
Panthers, 0.45777734489139965, 0.4705882352941176, 1.0220673635307782, 0.9318293281020108, 0.4577095451511395, 0.37747094467070624, 0.6255792400370713, 0.772573635924674, 0.5727178063172509, 0.571323258385551, 1.08038029386344, 1.2539184952978055, 0.43704824340225246, 0.5198064169205951, 0.9496284062758051, 0.9552757273122015, 0.3615671862960109, 0.38786362214576164, 0.8113590263691683, 0.6234793187347932, 0.29573549417401074, 0.2681782166148595, 0.48726158986495893, 0.4828090709583029, 0.44415556277759727, 0.45358999889368296, 1.0264305876315114, 0.8032128514056224, 0.3330211260276824, 0.3621200482826731, 0.7366014732029463, 0.2858627858627859, 0.642306594347702, 0.5936479667557139, 0.7841800204568702, 0.7150518412584912, 0.40453074433656955, 0.19971469329529246, 0.6022080963532954, 0.7420494699646644, 0.7008760951188986, 0.7079181961195595, 0.6870705808869456, 0.6777572396796057, 0.3376748673420164, 0.15174506828528073, 1.0035419126328218, 0.546448087431694, 0.37381552638442145, 0.3494310545650031, 0.6455643481882549, 0.7271925958572057, 0.22704339051463168, 0.2732722143864598, 0.5147495545436547, 0.514248982215556, 0.502130249543518, 0.34755134281200634, 0.5565862708719851, 0.5015432098765432, 0.23467292461132297, 0.24833152258264785, 0.5417118093174431, 0.7063197026022305, 0.8731381612737544, 0.6001091107474086, 1.5267175572519083, 1.5584415584415585, 0.5053057099545225, 0.3713527851458886, 0.9445100354191263, 1.1152416356877324, 1.0436432637571158, 0.6704980842911877, 1.5317286652078774, 1.141552511415525, 0.8857395925597875, 0.7332722273143905, 0.22271714922048996, 0.8849557522123894, 0.5263157894736842, 0.657030223390276, 0.8882309400444115, 0.9607686148919135, 0.311332503113325, 0.4186795491143317, 0.3692762186115214, 0.6864988558352403, 0.4997223764575236, 0.5408653846153846, 1.095890410958904, 0.5979073243647235, 0.6207674943566591, 0.4681100058513751, 0.9126466753585397, 0.2898550724637681, 0.6598240469208211, 0.7686395080707148, 2.0202020202020203, 1.0526315789473684, 0.13513513513513514, 0.6642066420664207, 1.3793103448275863, 1.0204081632653061, 0.6925207756232686, 0.9655172413793104, 1.529051987767584, 0.3048780487804878, 0.5076142131979695, 1.0217113665389528, 0.8547008547008548, 0.6493506493506493, 0.4816112084063047, 0.3663003663003663, 0.7760532150776054, 0.9890109890109889, 0.2986348122866894, 0.5099675475197033, 0.5257623554153523, 0.9708737864077669, 1.15990057995029, 0.6024096385542169, 0.40650406504065045, 1.0351966873706004, 0.3692762186115214, 0.3252032520325203, 1.2544802867383513, 0.9433962264150944, 0.5636575109600072, 0.5691891387515162, 1.0841836734693877, 1.0325476992143658, 0.39648336493707986, 0.3468735737106344, 0.6207324643078833, 0.6020210707374758, 0.5845104724792985, 0.7548408270429932, 0.9678668215253582, 0.7528230865746549, 0.4799504567270475, 0.337620578778135, 0.6990434142752024, 0.6165703275529866, 0.4113195129976966, 0.5309734513274336, 0.8086253369272237, 0.7365980084572364, 0.31381309504813576, 0.30364372469635625, 0.6183973202782788, 0.5565125215317345, 0.3963535473642489, 0.4670524926388466, 0.7825468342423524, 0.7462686567164178, 0.31282586027111575, 0.2244997559785261, 0.684931506849315, 0.5149812734082396, 0.8260196179659267, 0.6527241241507926, 0.9077155824508321, 1.2226512226512225, 0.3902316213494461, 0.45389703021657374, 0.7478312892611426, 0.7386888273314866, 0.472972972972973, 0.3297220913801225, 1.1049723756906076, 1.309328968903437, 0.3485079503376171, 0.45966444495518266, 0.48025613660619, 0.7107709130672498, 0.40272614622056996, 0.39167686658506734, 0.8261428309161005, 1.075058639562158, 0.2980967667966063, 0.30764376429754675, 0.6803939122649956, 0.4667444574095682, 0.47446274072006694, 0.4393673110720563, 0.9015025041736227, 0.7705779334500876, 0.3523035230352303, 0.3372434017595308, 0.51513200257566, 0.7788689468337284, 0.4263382283278067, 0.9573958831977023, 1.580135440180587, 1.4145810663764962, 0.49931911030413073, 0.9117082533589251, 0.8908685968819599, 0.7803790412486065, 0.823045267489712, 0.6205673758865249, 1.6771488469601679, 1.6771488469601679, 0.7058823529411765, 0.6514657980456027, 1.147227533460803, 0.7722007722007722, 0.4479283314669653, 0.6272401433691757, 1.0389610389610389, 1.25, 0.301700493691717, 0.5724098454493417, 0.6997455470737913, 0.6775067750677507, 0.4577822990844354, 0.48648648648648646, 1.6455696202531647, 0.8641975308641975, 0.43520309477756286, 0.4173187271778821, 0.9248554913294799, 0.6119951040391677, 0.7275132275132274, 1.3726835964310227, 1.0769230769230769, 2.0202020202020203, 0.522875816993464, 0.6743088334457181, 0.15337423312883436, 1.1182108626198082, 0.9456264775413712, 0.5201560468140443, 1.13314447592068, 0.8670520231213872, 0.5630630630630631, 0.516795865633075, 0.9259259259259258, 1.1173184357541899, 0.5794701986754967, 0.4384042086804033, 0.9594882729211088, 0.8138351983723295, 0.48212133386902367, 0.45045045045045046, 0.6616257088846881, 0.9633911368015413, 0.430416068866571, 0.4728132387706856, 1.238938053097345, 0.0, 0.425531914893617, 0.8784773060029283, 0.8802816901408451, 0.36363636363636365
Cowboys, 3.165481640206487, 2.8849104859335037, 4.901277584204414, 4.855321235899951, 2.469724420711357, 2.4038939107976556, 4.425393883225208, 4.490584258812167, 0.4512322110378341, 0.4054552156284556, 1.2100259291270528, 1.0747872816838333, 0.28576231299378047, 0.4481089801039613, 0.41288191577208916, 0.7381676074685193, 2.2108944342362635, 2.370972786987801, 3.796001159084324, 3.9385644768856447, 2.0169160702667535, 2.066191259828122, 3.2020047333983017, 3.555230431602048, 0.3466580002166612, 0.3318951211417192, 0.7698229407236336, 0.7228915662650602, 0.3746487667811427, 0.27433336991111595, 0.5334010668021336, 0.5977130977130978, 3.1972594918641164, 3.1166518254674975, 4.636890555744971, 5.184125849124062, 2.5620280474649406, 2.6248216833095577, 4.583472733355638, 3.992932862190813, 0.3254067584480601, 0.5768222338751966, 0.9993753903810119, 0.9242144177449169, 0.1447178002894356, 0.37936267071320184, 0.6493506493506493, 0.9107468123861567, 2.5210814570112143, 2.311620822506944, 3.3944189920866306, 3.9003966505068313, 2.3713420787083757, 1.9834273624823695, 2.9895070283112255, 2.914077565888151, 0.4412659768715764, 0.33175355450236965, 0.7792207792207793, 0.4243827160493827, 0.3666764447051921, 0.18624864193698587, 0.6139400505597689, 0.7434944237918215, 3.389830508474576, 4.69176213857065, 7.251908396946565, 6.623376623376623, 3.6887316826680143, 2.8116710875331563, 5.785123966942149, 5.8240396530359355, 0.5692599620493358, 0.5747126436781609, 0.87527352297593, 0.684931506849315, 0.44286979627989376, 0.36663611365719523, 0.22271714922048996, 1.1061946902654867, 3.0340557275541795, 2.628120893561104, 4.885270170244263, 5.604483586869495, 2.646326276463263, 2.7697262479871174, 3.766617429837518, 4.118993135011442, 0.4997223764575236, 0.6009615384615385, 0.821917808219178, 0.4484304932735426, 0.28216704288939054, 0.4681100058513751, 0.7822685788787485, 0.8695652173913043, 3.519061583577713, 3.996925441967717, 6.228956228956229, 5.964912280701754, 3.040540540540541, 3.3210332103321036, 7.241379310344828, 6.292517006802721, 0.8310249307479225, 0.5517241379310345, 0.9174311926605505, 2.4390243902439024, 0.7614213197969544, 0.38314176245210724, 0.8547008547008548, 1.2987012987012987, 3.502626970227671, 3.1135531135531136, 4.988913525498892, 5.714285714285714, 2.474402730375427, 2.086230876216968, 2.3133543638275498, 3.8834951456310676, 0.4971002485501243, 0.5163511187607573, 0.6097560975609756, 0.2070393374741201, 0.3692762186115214, 0.40650406504065045, 0.8960573476702508, 1.1320754716981132, 3.2119531180101997, 3.4244658019968273, 5.824829931972789, 5.005611672278339, 2.602999482847785, 2.674577818347786, 4.427891578729567, 4.300150505267684, 0.37343724630621855, 0.4102395799146702, 0.5420054200542005, 1.0874111250522793, 0.38705681994116736, 0.36977491961414793, 0.5518763796909493, 0.7321772639691715, 2.522759679719206, 2.6719954324864403, 4.622641509433962, 4.024007638794162, 2.11158980905271, 2.1311291048133154, 3.414068539036331, 3.325824831058699, 0.47562425683709864, 0.2944461366636207, 0.8062603746739389, 0.7462686567164178, 0.3602237178879515, 0.40995607613469986, 0.7085498346717053, 0.7724719101123595, 3.1750129065565305, 3.29026242173971, 5.869894099848714, 5.8880308880308885, 3.31067472306143, 2.8919725068084556, 4.576727490278193, 4.986149584487535, 0.5180180180180181, 0.5652378709373528, 0.9944751381215469, 1.3638843426077467, 0.326726203441516, 0.4826476672029419, 1.0138740661686232, 0.9294696555494806, 2.5712515489467163, 2.284781721746226, 4.461171286946943, 4.710711493354183, 2.0790338607353056, 2.169282953380137, 3.5094001790510294, 3.7728510307273435, 0.23723137036003347, 0.30755711775043937, 0.6343906510851419, 0.6654991243432574, 0.27100271002710025, 0.3225806451612903, 0.5795235028976174, 0.5756857433118863, 4.784462340123164, 4.404021062709431, 7.562076749435666, 5.00544069640914, 3.6768043576940537, 2.735124760076775, 5.56792873051225, 5.128205128205128, 0.9053497942386831, 0.7092198581560284, 1.257861635220126, 1.6771488469601679, 0.2352941176470588, 0.16286644951140067, 0.7648183556405354, 0.9652509652509652, 3.303471444568869, 3.225806451612903, 4.6103896103896105, 5.8088235294117645, 2.907295666483818, 2.8334287349742415, 4.770992366412214, 4.13279132791328, 0.5595116988809765, 0.43243243243243246, 0.6329113924050633, 0.49382716049382713, 0.33849129593810445, 0.3129890453834116, 0.5780346820809248, 0.9791921664626682, 4.9603174603174605, 4.118050789293068, 6.461538461538462, 6.397306397306397, 3.5294117647058822, 3.3715441672285906, 5.674846625766871, 5.7507987220447285, 0.2364066193853428, 0.5201560468140443, 1.9830028328611897, 1.1560693641618496, 0.45045045045045046, 0.6459948320413437, 0.9259259259259258, 0.8379888268156425, 2.8559602649006623, 3.463393248575186, 5.6503198294243075, 5.289928789420142, 2.772197669746886, 2.8665028665028665, 3.8752362948960304, 4.527938342967245, 0.3586800573888092, 0.7092198581560284, 1.238938053097345, 1.002004008016032, 0.5673758865248227, 0.36603221083455345, 0.528169014084507, 0.7272727272727273
Raiders, 12.671666504334276, 13.207161125319693, 19.79094076655052, 19.764590485532125, 11.54763039954229, 12.098937121287374, 16.983317886932344, 16.610333172380493, 12.44359597362027, 12.311094729082196, 18.625756266205702, 16.927899686520377, 11.060682467641621, 12.331959132461016, 16.72171758876961, 17.88970907511941, 10.005334597830597, 10.93525179856115, 15.024630541871922, 15.039537712895376, 9.06133554149169, 9.30090814896081, 13.504106919114575, 13.386978785662034, 9.79308850612068, 10.366190950326363, 13.574544521426738, 14.484605087014726, 8.585700905401186, 9.272467902995722, 13.411226822453646, 12.55197505197505, 12.332286611475878, 12.689225289403383, 18.547562222979884, 18.305327136217375, 10.962783171521036, 11.355206847360913, 16.02542656406825, 17.491166077738516, 12.290362953692116, 12.585212375458834, 18.425983760149904, 16.882316697473815, 10.20260492040521, 10.875063227111784, 13.34120425029516, 15.361262902246509, 9.1280535512475, 9.864707463488935, 13.26530612244898, 14.345526663728513, 8.047426841574168, 8.674188998589564, 11.89863393387448, 12.834797514463252, 8.734023128423615, 8.925750394944707, 13.506493506493506, 12.53858024691358, 7.5388677031387505, 7.9155672823219, 10.581437342000722, 11.74721189591078, 3.4411915767847976, 3.1642116748499727, 7.37913486005089, 7.142857142857142, 3.233956543708944, 3.2891246684350133, 5.194805194805195, 4.4609665427509295, 4.364326375711575, 3.065134099616858, 4.814004376367615, 5.47945205479452, 2.83436669619132, 3.2080659945004584, 4.008908685968819, 4.646017699115045, 2.8792569659442724, 2.8252299605781865, 4.66321243523316, 4.483586869495596, 2.179327521793275, 1.7391304347826086, 3.1757754800590843, 3.8138825324180017, 1.9988895058300944, 2.34375, 3.1506849315068495, 5.5306427503736915, 2.200902934537246, 1.5213575190169688, 3.5202086049543677, 4.9275362318840585, 3.005865102639296, 3.5357417371252886, 3.7037037037037033, 2.982456140350877, 2.7702702702702706, 2.952029520295203, 3.620689655172414, 4.421768707482993, 2.9085872576177287, 4.137931034482759, 4.587155963302752, 4.878048780487805, 3.2994923857868024, 2.554278416347382, 5.128205128205128, 5.194805194805195, 1.8826619964973728, 2.0146520146520146, 2.882483370288248, 3.5164835164835164, 1.9624573378839592, 2.132591562355123, 4.416403785488959, 3.128371089536138, 1.9055509527754766, 2.9259896729776247, 4.2682926829268295, 4.140786749482402, 1.9940915805022157, 1.951219512195122, 2.3297491039426523, 1.509433962264151, 13.608302764605886, 14.51898852290753, 20.514455782312925, 19.753086419753085, 12.230649887950355, 12.7704244637152, 16.904614111318022, 18.426144915072026, 13.021594414677706, 14.358385297013458, 18.35075493612079, 20.744458385612717, 11.4723641430562, 12.170418006430868, 16.777041942604857, 17.88053949903661, 10.644948996380387, 11.104767342278048, 15.256064690026955, 15.291229027417815, 9.558002233923728, 9.7165991902834, 14.506570471527958, 14.3103219822446, 10.166468489892983, 10.407147933800385, 15.247806497510078, 15.912373615792008, 8.730685373021139, 9.956076134699854, 12.517713745866793, 13.576779026217228, 12.454827052142488, 12.6814972692154, 19.848714069591527, 19.24066924066924, 11.404833836858005, 11.062119050706782, 16.691594376308704, 16.835949522930132, 11.283783783783784, 12.623645784267545, 18.011049723756905, 18.057828696126567, 10.82552820736223, 10.59526545621696, 15.901814300960512, 15.746309458720612, 9.63444857496902, 10.093839249286006, 14.09950431430145, 15.168100078186084, 8.201482840327142, 9.024217086061372, 12.69471799462847, 12.932711007390122, 8.791515489813005, 10.222612770943176, 14.457429048414022, 14.851138353765325, 8.197831978319783, 8.16715542521994, 12.395363811976818, 11.445987131730444, 4.121269540502132, 3.7817137386309243, 6.433408577878104, 7.1817192600652895, 2.587380844303223, 3.6468330134357005, 5.122494432071269, 5.797101449275362, 2.7983539094650207, 3.280141843971631, 4.612159329140461, 9.643605870020965, 2.823529411764706, 3.257328990228013, 4.397705544933078, 4.826254826254826, 2.99552071668533, 3.4348864994026282, 4.090909090909091, 4.485294117647059, 1.9199122325836533, 2.117916428162564, 3.498727735368957, 3.7940379403794036, 2.644964394710071, 2.540540540540541, 3.670886075949367, 5.802469135802469, 1.5957446808510638, 2.7125717266562335, 3.4682080924855487, 3.0599755201958385, 2.579365079365079, 3.980782429649966, 4.0, 4.545454545454546, 2.549019607843137, 2.8995279838165877, 3.2208588957055215, 4.15335463258786, 2.8368794326241136, 3.2509752925877766, 4.815864022662889, 4.913294797687861, 2.9279279279279278, 2.842377260981912, 5.246913580246913, 4.4692737430167595, 2.2764900662251653, 2.411223147742218, 4.157782515991471, 4.781281790437437, 1.888308557653676, 1.7608517608517609, 3.402646502835539, 3.275529865125241, 1.9368723098995695, 2.048857368006304, 4.2477876106194685, 3.406813627254509, 1.4893617021276597, 2.342606149341142, 2.8169014084507045, 4.0
Roosters, 0.3019382487581572, 0.2659846547314578, 3.1358885017421603, 2.9916625796959293, 0.18117669495565938, 0.20860236416012715, 2.571825764596849, 2.7522935779816518, 0.3471017007983339, 0.2395871728713601, 3.8461538461538463, 2.8660994178235555, 0.16809547823163556, 0.2867897472665352, 2.972749793559042, 2.4750325662179766, 0.21338391322387526, 0.2564904598060682, 2.7528252680382495, 2.904501216545012, 0.20701484592180755, 0.18894374352410556, 1.754141723513852, 1.9751280175566936, 0.3358249377098906, 0.30976877973227124, 2.6943802925327174, 2.4096385542168677, 0.23935893433239672, 0.15362668715022496, 2.0066040132080265, 2.9106029106029108, 0.22837567799029404, 0.3561887800534283, 3.0344357313331063, 3.360743653914909, 0.18878101402373249, 0.21398002853067047, 2.4757443961191035, 3.180212014134275, 0.2753441802252816, 0.18353434714210803, 4.122423485321674, 2.8342575477510783, 0.3135552339604438, 0.2276176024279211, 1.948051948051948, 2.428658166363084, 0.20864122402851432, 0.26879311889615626, 2.3740108288213246, 2.2256500661084178, 0.2522704339051463, 0.16748942172073342, 1.9798059790140567, 2.0998500107135203, 0.2738892270237371, 0.315955766192733, 3.00556586270872, 2.662037037037037, 0.14667057788207685, 0.2948936830668943, 1.6973636691946552, 1.7843866171003717, 0.25680534155110424, 0.5455537370430987, 3.9440203562340965, 4.285714285714286, 0.35371399696816574, 0.3183023872679045, 3.541912632821724, 3.469640644361834, 0.5692599620493358, 0.8620689655172413, 2.1881838074398248, 4.5662100456621, 0.2657218777679362, 0.36663611365719523, 2.89532293986637, 2.433628318584071, 0.2786377708978328, 0.22996057818659657, 2.072538860103627, 3.4427542033626897, 0.311332503113325, 0.322061191626409, 2.806499261447563, 2.212051868802441, 0.22209883398112162, 0.3004807692307693, 4.52054794520548, 1.9431988041853512, 0.33860045146726864, 0.3510825043885313, 3.650586701434159, 2.1739130434782608, 0.5865102639296188, 0.3843197540353574, 3.872053872053872, 3.508771929824561, 0.472972972972973, 0.2952029520295203, 1.896551724137931, 2.5510204081632653, 1.2465373961218837, 0.9655172413793104, 3.669724770642202, 3.9634146341463414, 0.6345177664974619, 0.2554278416347382, 3.133903133903134, 1.948051948051948, 0.43782837127845886, 0.3663003663003663, 3.5476718403547673, 2.857142857142857, 0.5546075085324232, 0.23180343069077425, 2.2082018927444795, 2.5889967637540456, 0.579950289975145, 0.25817555938037867, 3.048780487804878, 1.6563146997929608, 0.29542097488921715, 0.24390243902439024, 1.971326164874552, 2.2641509433962264, 0.2505144493155588, 0.27992908463189325, 3.125, 2.9180695847362514, 0.3102913290811929, 0.24646280237334547, 2.5656941858059175, 2.9456030961083637, 0.34096444227959083, 0.4102395799146702, 3.0584591560201315, 3.178586365537432, 0.18578727357176034, 0.28938906752411575, 2.2810890360559237, 2.1965317919075145, 0.26872874849182843, 0.21695689409077934, 2.8436657681940702, 2.509889510298731, 0.22339237274613052, 0.15744489428699954, 2.331873228549343, 2.0140453160196103, 0.23781212841854932, 0.20306630114732463, 2.679630068769267, 2.3591718825228694, 0.2180301450374443, 0.2635431918008785, 2.054794520547945, 1.942883895131086, 0.2710376871450697, 0.3197016118289596, 3.2375189107413007, 2.541827541827542, 0.3021148036253776, 0.20749578524186227, 2.3033203709243195, 2.3699599876885196, 0.38288288288288286, 0.3297220913801225, 3.535911602209945, 2.8368794326241136, 0.2613809627532128, 0.2757986669731096, 2.9882604055496262, 2.460360852925096, 0.19361833952912022, 0.28559771521827826, 2.2030475491096015, 2.677873338545739, 0.2140181915462814, 0.1419894296757908, 2.2560429722470907, 2.2559315441462466, 0.1814122243929668, 0.26362038664323373, 2.7712854757929883, 3.2574430823117337, 0.21680216802168023, 0.249266862170088, 2.092723760463619, 1.4900101591601762, 0.4263382283278067, 0.5265677357587363, 2.9345372460496613, 4.243743199129488, 0.18157058556513844, 0.3838771593090211, 2.6726057906458798, 3.3444816053511706, 0.3292181069958848, 0.26595744680851063, 3.1446540880503147, 3.3542976939203357, 0.0784313725490196, 0.40716612377850164, 3.4416826003824093, 2.3166023166023164, 0.3639417693169093, 0.2090800477897252, 3.051948051948052, 3.8970588235294117, 0.24684585847504115, 0.40068689181453926, 2.989821882951654, 2.913279132791328, 0.20345879959308238, 0.3783783783783784, 3.670886075949367, 1.9753086419753085, 0.33849129593810445, 0.4173187271778821, 2.312138728323699, 3.4271725826193387, 0.13227513227513227, 0.34317089910775567, 4.461538461538462, 3.0303030303030303, 0.522875816993464, 0.06743088334457181, 4.447852760736196, 3.3546325878594248, 0.1182033096926714, 0.26007802340702213, 4.2492917847025495, 4.624277456647398, 0.22522522522522523, 0.2583979328165375, 3.7037037037037033, 3.35195530726257, 0.5380794701986755, 0.394563787812363, 2.55863539445629, 3.8657171922685656, 0.24106066693451184, 0.32760032760032765, 1.7958412098298677, 1.6377649325626205, 0.1434720229555237, 0.6304176516942475, 1.9469026548672566, 4.008016032064128, 0.07092198581560284, 0.29282576866764276, 1.584507042253521, 2.0
Manly, 0.29219830524982954, 0.2659846547314578, 0.5574912891986062, 0.5394801373222168, 0.15256984838371315, 0.1589351345981921, 0.23169601482854493, 0.5311443746982134, 2.0826102047900035, 1.7508293402137856, 3.3707865168539324, 3.000447828034035, 1.5128593040847202, 1.4160243771285175, 2.8075970272502064, 2.7789839339991316, 0.2193112441467607, 0.20018767594619954, 0.3332367429730513, 0.44099756690997566, 0.20110013603832733, 0.1584689461815079, 0.27843519420854795, 0.4242867593269934, 1.321633625826021, 1.283327801747981, 2.514754939697203, 2.436412315930388, 1.113539390155063, 1.1631734884231317, 1.9304038608077216, 2.130977130977131, 0.2569226377390808, 0.23745918670228555, 0.47732696897374705, 0.5362888809438684, 0.1483279395900755, 0.456490727532097, 0.468384074941452, 0.2826855123674912, 1.8523153942428034, 1.8877818563188253, 2.998126171143036, 3.265557609365373, 1.7366136034732274, 1.9221041982802227, 2.3612750885478158, 2.792956891317547, 0.22602799269755713, 0.19711495385718128, 0.4581424406497293, 0.35257822829440283, 0.16818028927009754, 0.14104372355430184, 0.25737477727182734, 0.257124491107778, 1.3390139987827145, 1.2954186413902053, 2.2263450834879404, 2.314814814814815, 1.3200352009386918, 1.1174918516219152, 2.1668472372697725, 1.858736059479554, 0.5649717514124294, 0.27277686852154936, 0.7633587786259541, 1.0389610389610389, 0.202122283981809, 0.47745358090185674, 0.7083825265643447, 0.37174721189591076, 1.8026565464895636, 1.7241379310344827, 4.3763676148796495, 3.4246575342465753, 1.9486271036315321, 1.374885426214482, 4.231625835189309, 3.982300884955752, 0.21671826625386997, 0.164257555847569, 0.1480384900074019, 0.4803843074459567, 0.18679950186799502, 0.1610305958132045, 0.29542097488921715, 0.5339435545385203, 2.2209883398112162, 1.4423076923076923, 2.6027397260273974, 1.7937219730941705, 1.072234762979684, 1.2287887653598597, 1.955671447196871, 3.1884057971014492, 0.5131964809384164, 0.23059185242121444, 0.16835016835016833, 0.5263157894736842, 0.40540540540540543, 0.36900369003690037, 0.6896551724137931, 0.3401360544217687, 3.1855955678670362, 1.7931034482758619, 3.9755351681957185, 2.7439024390243905, 3.0456852791878175, 1.40485312899106, 4.273504273504273, 1.948051948051948, 0.13134851138353765, 0.13736263736263737, 0.4434589800443459, 0.43956043956043955, 0.25597269624573377, 0.23180343069077425, 0.4206098843322818, 0.5393743257820928, 1.3256006628003314, 1.549053356282272, 2.4390243902439024, 3.1055900621118013, 0.8124076809453471, 1.8699186991869918, 3.584229390681003, 2.4528301886792456, 0.27735528317079716, 0.27992908463189325, 0.233843537414966, 0.3591470258136925, 0.18100327529736254, 0.26471930625285256, 0.6414235464514794, 0.38701354547409156, 1.8834226335444064, 2.0676074827699376, 3.329461866047232, 3.7641154328732744, 1.5017804613717294, 1.639871382636656, 2.7225901398086827, 3.121387283236994, 0.2742130086651311, 0.2968883813873822, 0.444743935309973, 0.3682990042286182, 0.2287112387638955, 0.16869095816464239, 0.270548827621747, 0.27825626076586724, 1.4466904478795084, 1.6143770941212305, 2.323926962295471, 2.7924891670678864, 1.4124561569817045, 1.2201073694485114, 2.054794520547945, 2.551498127340824, 0.32266391326794014, 0.2264553083788464, 0.45385779122541603, 0.3861003861003861, 0.27693856998992955, 0.19452729866424587, 0.3290457672749028, 0.554016620498615, 2.364864864864865, 2.2138483278379653, 3.259668508287293, 3.382433169667212, 1.3940318013504684, 1.5628591128476212, 2.6680896478121667, 2.569710224166211, 0.24783147459727387, 0.18767849857201144, 0.5507618872774004, 0.527756059421423, 0.13758312313689522, 0.21298414451368622, 0.4476275738585497, 0.2528199144301828, 1.548981300586101, 1.5231400117164615, 2.337228714524207, 2.8371278458844134, 1.165311653116531, 1.3489736070381233, 1.8995492594977463, 2.3366068405011853, 0.37896731406916156, 0.5744375299186213, 0.7900677200902935, 1.088139281828074, 0.2723558783477077, 0.527831094049904, 0.22271714922048996, 0.7803790412486065, 1.9753086419753085, 2.393617021276596, 5.870020964360587, 4.821802935010482, 2.9019607843137254, 1.5472312703583062, 4.2065009560229445, 3.2818532818532815, 0.3079507278835386, 0.17921146953405018, 0.6493506493506493, 0.29411764705882354, 0.19199122325836532, 0.11448196908986834, 0.2544529262086514, 0.27100271002710025, 1.5768056968463884, 1.5675675675675675, 3.0379746835443036, 3.580246913580247, 1.3539651837524178, 1.4084507042253522, 1.9653179190751446, 2.570379436964504, 0.4629629629629629, 0.4804392587508579, 0.6153846153846154, 0.33670033670033667, 0.19607843137254902, 0.20229265003371544, 0.6134969325153374, 0.1597444089456869, 2.2458628841607564, 2.860858257477243, 5.382436260623229, 2.8901734104046244, 2.364864864864865, 0.9043927648578811, 3.0864197530864197, 3.35195530726257, 0.2897350993377483, 0.35072336694432266, 0.7462686567164178, 0.508646998982706, 0.08035355564483729, 0.28665028665028663, 0.4725897920604915, 0.3853564547206166, 2.7977044476327118, 2.2852639873916467, 2.831858407079646, 3.006012024048096, 1.8439716312056738, 1.2445095168374818, 1.7605633802816902, 2.181818181818182
Warriors, 2.6395246907567933, 2.659846547314578, 4.483159117305459, 4.4874938695438935, 10.80385238867169, 10.827456044501837, 16.774791473586653, 16.030902945436985, 2.6726830961471713, 2.617029119056395, 5.142610198789974, 3.4482758620689653, 11.211968398050093, 10.28858218318695, 15.111478117258464, 16.456795484151108, 2.2701677434651177, 2.3084141382546135, 3.796001159084324, 3.5736009732360094, 9.274265097296977, 9.459377095142317, 14.409021300292357, 13.664959765910753, 1.9824504387390314, 2.3896448722203782, 3.7721324095458044, 3.5073627844712183, 8.814652929545218, 9.546801272906837, 12.471424942849886, 12.24012474012474, 2.7262346560091353, 3.2056990204808544, 4.193658370269349, 4.8623525205577405, 11.124595469255663, 10.756062767475036, 17.497490799598527, 16.289752650176677, 2.9036295369211516, 2.8841111693759833, 5.059337913803873, 4.805914972273567, 10.2990834539315, 10.09104704097117, 18.122786304604485, 17.304189435336976, 2.3211336173172215, 2.1861840336887375, 3.6234902124114954, 4.120758043190833, 8.989236461486714, 9.520451339915374, 14.511977826173034, 14.420398542961216, 2.069385270846013, 2.3696682464454977, 3.6734693877551026, 3.3950617283950617, 8.638897037254328, 9.514201458947696, 12.242686890574214, 13.271375464684015, 2.41397021058038, 3.709765411893071, 4.8346055979643765, 4.805194805194805, 11.571500757958566, 11.724137931034482, 18.06375442739079, 18.339529120198264, 3.0360531309297913, 2.7777777777777777, 4.3763676148796495, 3.1963470319634704, 10.628875110717448, 11.54903758020165, 17.59465478841871, 18.36283185840708, 2.476780185758514, 2.759526938239159, 3.4789045151739453, 4.323458767013611, 10.118306351183064, 9.66183574879227, 15.140324963072377, 16.247139588100687, 3.553581343697946, 2.2235576923076925, 3.0136986301369864, 3.43796711509716, 9.988713318284423, 9.069631363370393, 14.732724902216427, 15.072463768115943, 3.005865102639296, 4.15065334358186, 6.7340067340067336, 5.7894736842105265, 11.621621621621623, 11.512915129151292, 17.06896551724138, 16.3265306122449, 1.662049861495845, 3.0344827586206895, 5.5045871559633035, 6.707317073170732, 9.644670050761421, 10.600255427841635, 18.51851851851852, 16.558441558441558, 2.189141856392294, 2.426739926739927, 4.434589800443459, 4.065934065934066, 10.53754266211604, 9.689383402874363, 16.19348054679285, 15.426105717367852, 2.651201325600663, 2.1514629948364887, 3.4552845528455287, 4.554865424430641, 9.084194977843426, 10.8130081300813, 14.336917562724013, 14.150943396226415, 2.6661894962870183, 2.7992908463189323, 4.570578231292517, 5.117845117845118, 10.80848129632822, 10.661798265632132, 15.870060004138217, 15.674048591700709, 2.61406072414353, 2.6583524778470626, 3.9876113046844757, 3.847762442492681, 10.342158228827993, 10.707395498392284, 14.532744665194997, 14.489402697495182, 2.0620818251617856, 2.238081644304881, 3.1132075471698113, 3.8603191924703317, 9.387798521355247, 9.15429599640126, 13.115176500901828, 14.005565125215316, 2.318668252080856, 2.1829627373337392, 3.2250414986957554, 3.5869041887337505, 8.683287515404302, 8.775012201073693, 13.060935285781767, 13.6938202247191, 2.607124419204956, 2.8639936059677638, 4.5083207261724665, 5.051480051480051, 11.228600201409868, 11.010245104396317, 17.70864492970386, 15.327793167128348, 2.40990990990991, 2.661328308996703, 4.254143646408839, 4.69176213857065, 10.869091701154431, 10.135601011261778, 15.795090715048026, 18.042646254784035, 2.1143122676579926, 2.382700938392493, 3.8002570222140624, 3.440187646598905, 9.118703661239778, 9.536956693223948, 13.375111906893464, 13.38000777907429, 1.9676248953391013, 1.8160515524311658, 3.1385642737896493, 3.3975481611208407, 8.3739837398374, 9.252199413489738, 13.457823567289118, 12.461903149339655, 3.5054476551397444, 3.446625179511728, 5.304740406320542, 4.6789989118607185, 10.803449841125738, 11.612284069097889, 18.151447661469934, 20.51282051282051, 2.3045267489711936, 3.8120567375886525, 7.127882599580712, 5.450733752620545, 11.215686274509803, 12.45928338762215, 15.86998087954111, 17.374517374517374, 2.3236282194848825, 2.7479091995221028, 5.12987012987013, 4.926470588235294, 9.462424574876577, 9.902690326273612, 13.42239185750636, 14.092140921409213, 2.238046795523906, 2.108108108108108, 3.79746835443038, 3.8271604938271606, 10.686653771760154, 9.650495565988523, 12.485549132947977, 14.198286413708692, 3.2407407407407405, 2.6767330130404945, 5.6923076923076925, 4.882154882154882, 12.941176470588237, 11.665542818610925, 20.858895705521473, 19.968051118210862, 2.955082742316785, 2.7308192457737324, 5.382436260623229, 5.202312138728324, 12.274774774774775, 12.4031007751938, 19.753086419753085, 16.201117318435752, 2.152317880794702, 3.3318719859710653, 3.731343283582089, 3.560528992878942, 9.280835676978706, 10.524160524160523, 15.122873345935728, 15.31791907514451, 2.295552367288379, 2.2852639873916467, 4.070796460176991, 3.006012024048096, 9.645390070921986, 11.493411420204978, 13.204225352112676, 12.545454545454545
Dolphins, 0.2629784747248466, 0.2455242966751918, 0.4413472706155633, 0.5149583128984796, 0.0, 0.019866891824774014, 0.023169601482854494, 0.024142926122646062, 0.29503644567858384, 0.12900847769996315, 0.432152117545376, 0.9852216748768473, 0.0, 0.0, 0.0, 0.0, 0.13040128030347933, 0.17516421645292463, 0.275282526803825, 0.45620437956204374, 0.005914709883480215, 0.006094959468519534, 0.041765279131282196, 0.01463057790782736, 0.11916368757447729, 0.22126341409447947, 0.25660764690787785, 0.214190093708166, 0.02081382037673015, 0.0, 0.0, 0.02598752598752599, 0.2997430773622609, 0.23745918670228555, 0.7500852369587453, 0.3932785126921702, 0.0, 0.0, 0.10036801605888257, 0.0353356890459364, 0.17521902377972465, 0.34084950183534346, 0.6246096189881324, 0.43130006161429446, 0.0241196333815726, 0.025290844714213456, 0.05903187721369539, 0.0, 0.13909414935234288, 0.19711495385718128, 0.3748438150770512, 0.3305420890260027, 0.0, 0.0, 0.0, 0.021427040925648167, 0.12172854534388314, 0.17377567140600317, 0.5565862708719851, 0.19290123456790123, 0.0, 0.0, 0.03611412062116288, 0.03717472118959108, 0.4108885464817668, 0.3818876159301691, 0.6361323155216284, 0.2597402597402597, 0.0, 0.0, 0.0, 0.0, 0.2846299810246679, 0.7662835249042145, 0.87527352297593, 0.45662100456621, 0.0, 0.0, 0.0, 0.22123893805309736, 0.2786377708978328, 0.19710906701708278, 0.6661732050333087, 0.5604483586869495, 0.0, 0.0, 0.0, 0.0, 0.11104941699056081, 0.3605769230769231, 0.410958904109589, 0.29895366218236175, 0.0564334085778781, 0.0, 0.1303780964797914, 0.0, 0.07331378299120235, 0.5380476556495004, 0.6734006734006733, 1.2280701754385965, 0.0, 0.0, 0.0, 0.17006802721088435, 0.0, 0.27586206896551724, 0.3058103975535168, 0.0, 0.0, 0.1277139208173691, 0.2849002849002849, 0.0, 0.17513134851138354, 0.3663003663003663, 0.4434589800443459, 0.5494505494505495, 0.0, 0.0, 0.0, 0.0, 0.08285004142502071, 0.25817555938037867, 0.0, 0.6211180124223602, 0.0, 0.0, 0.0, 0.0, 0.2415675046971459, 0.20528132873005506, 0.5314625850340136, 0.4264870931537598, 0.008619203585588693, 0.009128251939753538, 0.02069108214359611, 0.021500752526338422, 0.22730962818639389, 0.27896291434197573, 0.5420054200542005, 0.6691760769552488, 0.07741136398823348, 0.01607717041800643, 0.03679175864606328, 0.03853564547206166, 0.15355928485247342, 0.10847844704538967, 0.3638814016172507, 0.27281407720638384, 0.015956598053295037, 0.011246063877642825, 0.012883277505797475, 0.013250298131707963, 0.1288149028933809, 0.17260635597522592, 0.35570310647379655, 0.2407318247472316, 0.0, 0.029282576866764276, 0.0, 0.023408239700374533, 0.16778523489932887, 0.253097109364593, 0.4841149773071104, 0.45045045045045046, 0.012588116817724069, 0.0, 0.0, 0.06155740227762388, 0.2927927927927928, 0.3297220913801225, 0.7734806629834254, 0.872885979268958, 0.0, 0.0, 0.0, 0.054674685620557675, 0.17038413878562578, 0.14687882496940025, 0.47732696897374705, 0.2736512900703675, 0.007643506840938622, 0.007888301648655045, 0.0, 0.0, 0.08372871895060005, 0.11716461628588166, 0.46744574290484137, 0.31523642732049034, 0.0, 0.0, 0.03219575016097875, 0.033863867253640365, 0.33159639981051636, 0.430828147438966, 0.33860045146726864, 0.7616974972796519, 0.04539264639128461, 0.0, 0.11135857461024498, 0.11148272017837235, 0.0823045267489712, 0.1773049645390071, 1.4675052410901468, 1.0482180293501049, 0.0, 0.0, 0.0, 0.19305019305019305, 0.16797312430011196, 0.2986857825567503, 0.3246753246753247, 0.6617647058823529, 0.027427317608337907, 0.0, 0.0, 0.0, 0.20345879959308238, 0.16216216216216214, 0.5063291139240507, 0.49382716049382713, 0.0, 0.0, 0.0, 0.0, 0.3306878306878307, 0.27453671928620454, 1.0769230769230769, 0.33670033670033667, 0.0, 0.0, 0.0, 0.1597444089456869, 0.7092198581560284, 0.13003901170351106, 0.84985835694051, 0.2890173410404624, 0.0, 0.12919896640826875, 0.0, 0.0, 0.20695364238410596, 0.263042525208242, 0.7462686567164178, 0.20345879959308238, 0.040176777822418644, 0.0, 0.0, 0.0, 0.1434720229555237, 0.31520882584712373, 0.17699115044247787, 0.6012024048096193, 0.0, 0.0, 0.0, 0.0
Broncos, 0.5356968929580208, 0.7672634271099744, 1.2311265969802556, 1.2506130456105935, 0.7247067798226375, 0.6258070924803815, 0.9962928637627433, 0.9898599710284886, 0.7462686567164178, 0.7924806487283449, 1.2100259291270528, 0.761307657859382, 0.4874768868717431, 0.6094282129413873, 1.3625103220478945, 1.2592270950933566, 0.4208404955248652, 0.4879574601188615, 0.8982903506230079, 0.7755474452554745, 0.43177382149405574, 0.4875967574815627, 0.6682444661005151, 0.7168983174835406, 0.47665475029790916, 0.5089058524173028, 0.9237875288683602, 0.9906291834002677, 0.4995316890415236, 0.3840667178755624, 0.7366014732029463, 0.9095634095634096, 0.07136739937196689, 0.07420599584446423, 0.10228435049437436, 0.3575259206292456, 0.12135922330097086, 0.028530670470756064, 0.13382402141184344, 0.1413427561837456, 0.1251564455569462, 0.05243838489774515, 0.18738288569643974, 0.36968576709796674, 0.0482392667631452, 0.07587253414264036, 0.11806375442739078, 0.12143290831815423, 0.06085369034165, 0.1075172475584625, 0.12494793835901709, 0.11018069634200088, 0.042045072317524385, 0.05289139633286319, 0.09899029895070284, 0.08570816370259267, 0.04564820450395618, 0.0315955766192733, 0.11131725417439704, 0.15432098765432098, 0.10266940451745381, 0.01552072016141549, 0.07222824124232576, 0.26022304832713755, 0.7190549563430919, 1.4184397163120568, 1.0178117048346056, 1.1688311688311688, 0.6568974229408793, 0.7957559681697612, 0.8264462809917356, 0.6195786864931847, 1.0436432637571158, 0.5747126436781609, 1.5317286652078774, 0.45662100456621, 0.7971656333038087, 0.8249312557286892, 2.0044543429844097, 0.8849557522123894, 0.46439628482972134, 0.7555847568988173, 1.0362694300518136, 1.2810248198558847, 0.5603985056039851, 0.7085346215780999, 0.8124076809453471, 0.9916094584286803, 0.44419766796224325, 0.7211538461538461, 1.2328767123287672, 0.4484304932735426, 0.2257336343115124, 0.6436512580456407, 0.3911342894393742, 1.4492753623188406, 0.0, 0.15372790161414296, 0.16835016835016833, 0.3508771929824561, 0.06756756756756757, 0.07380073800738007, 0.1724137931034483, 0.0, 0.0, 0.0, 0.0, 0.0, 0.0, 0.0, 0.8547008547008548, 0.3246753246753247, 0.0, 0.045787545787545784, 0.3325942350332594, 0.0, 0.042662116040955635, 0.0, 0.10515247108307045, 0.10787486515641855, 0.08285004142502071, 0.0, 0.40650406504065045, 0.2070393374741201, 0.14771048744460857, 0.0, 0.0, 0.18867924528301888, 0.6262861232888969, 0.578520108239246, 1.1054421768707483, 1.2345679012345678, 0.49991380796414414, 0.49292560474669095, 0.6828057107386716, 0.9890346162115674, 0.5520376684526709, 0.5579258286839515, 1.0065814943863725, 1.1710581346716855, 0.356092274345874, 0.3858520900321543, 0.919793966151582, 0.9633911368015413, 0.4935834155972359, 0.5081358835284042, 0.7547169811320755, 0.791160823898513, 0.4999734056699112, 0.5004498425551057, 0.541097655243494, 0.6890155028488141, 0.3468093539437178, 0.5888922733272414, 0.9722551576950438, 0.9629272989889264, 0.45501943312162296, 0.527086383601757, 0.6613131790269249, 0.7022471910112359, 0.12906556530717606, 0.0799254029572399, 0.1815431164901664, 0.16087516087516088, 0.0377643504531722, 0.0, 0.08973975471133712, 0.18467220683287164, 0.06756756756756757, 0.1413094677343382, 0.11049723756906078, 0.16366612111292964, 0.17425397516880856, 0.022983222247759134, 0.0, 0.16402405686167304, 0.08519206939281289, 0.05711954304365566, 0.23866348448687352, 0.13682564503518374, 0.04586104104563173, 0.05521811154058532, 0.053715308863025966, 0.11668611435239205, 0.041864359475300025, 0.014645577035735208, 0.10016694490818029, 0.07005253940455342, 0.02710027100271003, 0.02932551319648094, 0.16097875080489374, 0.1015916017609211, 0.7105637138796779, 0.7180469123982767, 1.805869074492099, 1.088139281828074, 0.2723558783477077, 0.5758157389635317, 1.0022271714922049, 1.4492753623188406, 0.9053497942386831, 0.8865248226950355, 0.41928721174004197, 1.4675052410901468, 1.019607843137255, 0.8957654723127036, 0.7648183556405354, 0.9652509652509652, 0.9238521836506159, 0.7467144563918757, 1.1688311688311688, 1.0294117647058822, 0.5211190345584202, 0.5724098454493417, 0.9541984732824428, 0.9485094850948509, 0.7629704984740591, 0.5405405405405406, 0.6329113924050633, 0.9876543209876543, 0.5319148936170213, 0.5738132498695879, 1.3872832369942196, 1.101591187270502, 0.0, 0.06863417982155114, 0.0, 0.16835016835016833, 0.130718954248366, 0.26972353337828725, 0.15337423312883436, 0.4792332268370607, 0.3546099290780142, 0.5201560468140443, 0.28328611898017, 0.0, 0.11261261261261261, 0.0, 0.30864197530864196, 0.0, 0.08278145695364239, 0.08768084173608066, 0.0, 0.40691759918616477, 0.12053033346725592, 0.08190008190008191, 0.1890359168241966, 0.2890173410404624, 0.07173601147776185, 0.15760441292356187, 0.17699115044247787, 0.2004008016032064, 0.07092198581560284, 0.0, 0.17605633802816903, 0.36363636363636365
Dragons, 0.0, 0.010230179028132993, 0.0, 0.0, 0.028606846571946218, 0.009933445912387007, 0.0, 0.024142926122646062, 0.0, 0.0, 0.12964563526361278, 0.0, 0.0, 0.0, 0.0, 0.04342162396873643, 0.0, 0.006255864873318736, 0.0, 0.0, 0.005914709883480215, 0.0, 0.0, 0.01463057790782736, 0.010833062506770663, 0.0, 0.0, 0.0, 0.0, 0.0, 0.025400050800101596, 0.0, 0.1855552383671139, 0.04452359750667854, 0.20456870098874871, 0.1787629603146228, 0.10787486515641855, 0.12838801711840228, 0.3011040481766477, 0.24734982332155478, 0.17521902377972465, 0.05243838489774515, 0.12492192379762648, 0.24645717806531117, 0.1447178002894356, 0.12645422357106728, 0.23612750885478156, 0.24286581663630846, 0.05216030600712858, 0.11647701818833438, 0.20824656393169513, 0.17628911414720141, 0.06727211570803902, 0.08815232722143865, 0.1187883587408434, 0.14998928647953716, 0.04564820450395618, 0.0315955766192733, 0.11131725417439704, 0.07716049382716049, 0.11733646230566148, 0.07760360080707744, 0.07222824124232576, 0.14869888475836432, 0.1027221366204417, 0.0, 0.0, 0.0, 0.0, 0.0, 0.0, 0.0, 0.0, 0.0, 0.0, 0.0, 0.0, 0.0, 0.0, 0.0, 0.0, 0.0328515111695138, 0.0, 0.08006405124099279, 0.0, 0.0, 0.0, 0.0, 0.0, 0.0, 0.0, 0.0, 0.0, 0.0, 0.0, 0.0, 0.21994134897360706, 0.15372790161414296, 0.16835016835016833, 0.17543859649122806, 0.0, 0.0, 0.0, 0.5102040816326531, 0.0, 0.13793103448275862, 0.3058103975535168, 0.0, 0.0, 0.1277139208173691, 0.0, 0.3246753246753247, 0.13134851138353765, 0.13736263736263737, 0.11086474501108648, 0.10989010989010989, 0.12798634812286688, 0.09272137227630968, 0.10515247108307045, 0.10787486515641855, 0.08285004142502071, 0.25817555938037867, 0.20325203252032523, 1.2422360248447204, 0.0, 0.0, 0.17921146953405018, 0.18867924528301888, 0.017893889236825625, 0.0, 0.0, 0.022446689113355782, 0.0, 0.0, 0.0, 0.021500752526338422, 0.01623640201331385, 0.016409583196586804, 0.03871467286101432, 0.04182350480970305, 0.030964545595293387, 0.01607717041800643, 0.0, 0.0, 0.005484260173302622, 0.0, 0.0, 0.0, 0.0, 0.005623031938821413, 0.012883277505797475, 0.013250298131707963, 0.0, 0.01015331505736623, 0.0, 0.0, 0.009479571523367144, 0.0, 0.0, 0.0, 0.07743933918430562, 0.1465299054216065, 0.2723146747352496, 0.28957528957528955, 0.0755287009063444, 0.1556218389313967, 0.17947950942267424, 0.18467220683287164, 0.06756756756756757, 0.2590673575129534, 0.11049723756906078, 0.32733224222585927, 0.10890873448050534, 0.04596644449551827, 0.26680896478121663, 0.16402405686167304, 0.06970260223048327, 0.07343941248470012, 0.1652285661832201, 0.1563721657544957, 0.08407857525032485, 0.0709947148378954, 0.16114592658907786, 0.1750291715285881, 0.06977393245883338, 0.13181019332161686, 0.1335559265442404, 0.10507880910683014, 0.05420054200542006, 0.11730205278592376, 0.0643915003219575, 0.0, 0.0, 0.04786979415988511, 0.0, 0.0, 0.0, 0.0, 0.0, 0.0, 0.0, 0.0, 0.0, 0.0, 0.0, 0.0, 0.0, 0.0, 0.0, 0.02986857825567503, 0.0, 0.0, 0.0, 0.0, 0.0, 0.0, 0.0, 0.0, 0.12658227848101267, 0.0, 0.04835589941972921, 0.0, 0.0, 0.0, 0.06613756613756613, 0.20590253946465342, 0.0, 0.16835016835016833, 0.130718954248366, 0.13486176668914363, 0.15337423312883436, 0.3194888178913738, 0.2364066193853428, 0.26007802340702213, 0.56657223796034, 0.0, 0.0, 0.0, 0.0, 0.0, 0.0, 0.04384042086804033, 0.21321961620469082, 0.20345879959308238, 0.2008838891120932, 0.040950040950040956, 0.0, 0.0, 0.0, 0.0, 0.17699115044247787, 0.0, 0.07092198581560284, 0.14641288433382138, 0.35211267605633806, 0.0
Rabbitohs, 0.0, 0.010230179028132993, 0.04645760743321719, 0.04904364884747425, 0.0, 0.019866891824774014, 0.023169601482854494, 0.048285852245292124, 0.017355085039916694, 0.036859565057132324, 0.043215211754537596, 0.044782803403493054, 0.0, 0.01792435920415845, 0.041288191577208914, 0.04342162396873643, 0.0237093236915417, 0.01876759461995621, 0.014488554042306579, 0.0, 0.017744129650440643, 0.006094959468519534, 0.027843519420854796, 0.01463057790782736, 0.0, 0.0, 0.025660764690787787, 0.0, 0.0, 0.02194666959288928, 0.0, 0.02598752598752599, 0.028546959748786755, 0.05936479667557139, 0.06818956699624958, 0.0, 0.013484358144552318, 0.028530670470756064, 0.0, 0.0353356890459364, 0.1251564455569462, 0.0, 0.0, 0.0, 0.0, 0.025290844714213456, 0.0, 0.060716454159077116, 0.01738676866904286, 0.017919541259743748, 0.020824656393169515, 0.022036139268400177, 0.0, 0.0, 0.0, 0.0, 0.015216068167985392, 0.01579778830963665, 0.03710575139146568, 0.0, 0.0, 0.0, 0.03611412062116288, 0.0, 0.15408320493066258, 0.0, 0.0, 0.38961038961038963, 0.0, 0.10610079575596816, 0.0, 0.0, 0.09487666034155598, 0.0, 0.0, 0.0, 0.0, 0.0, 0.0, 0.0, 0.0, 0.0, 0.07401924500370095, 0.08006405124099279, 0.0, 0.0, 0.0, 0.0, 0.055524708495280406, 0.06009615384615385, 0.0, 0.0, 0.0, 0.0, 0.0, 0.0, 0.0, 0.0, 0.16835016835016833, 0.0, 0.06756756756756757, 0.0, 0.0, 0.17006802721088435, 0.0, 0.13793103448275862, 0.0, 0.0, 0.0, 0.0, 0.0, 0.0, 0.043782837127845885, 0.045787545787545784, 0.11086474501108648, 0.0, 0.0, 0.04636068613815484, 0.0, 0.0, 0.0, 0.0, 0.0, 0.0, 0.0, 0.0, 0.0, 0.0, 0.3041961170260356, 0.25193617616870395, 0.4251700680272109, 0.47138047138047134, 0.18100327529736254, 0.30123231401186673, 0.4758948893027105, 0.21500752526338424, 0.2922552362396493, 0.18050541516245489, 0.4645760743321719, 0.5855290673358428, 0.15482272797646696, 0.2411575562700965, 0.40470934510669615, 0.23121387283236997, 0.19194910606559176, 0.17128175849272054, 0.3369272237196766, 0.286454781066703, 0.13297165044412532, 0.10121457489878542, 0.244782272610152, 0.1855041738439115, 0.19817677368212444, 0.24367956137678953, 0.3319895660422101, 0.38517091959557054, 0.0853161437103043, 0.07808687164470474, 0.1889466225791214, 0.32771535580524347, 0.23231801755291687, 0.2264553083788464, 0.39334341906202724, 0.6435006435006435, 0.13846928499496478, 0.20749578524186227, 0.3589590188453485, 0.2770083102493075, 0.2927927927927928, 0.2590673575129534, 0.3867403314917127, 0.16366612111292964, 0.326726203441516, 0.18386577798207307, 0.5336179295624333, 0.38272279934390374, 0.17038413878562578, 0.1631986944104447, 0.3855333210941803, 0.1563721657544957, 0.19108767102346558, 0.17354263627041097, 0.26857654431512984, 0.1750291715285881, 0.2511861568518002, 0.1903925014645577, 0.333889816360601, 0.42031523642732055, 0.14905149051490515, 0.1466275659824047, 0.0643915003219575, 0.4063664070436844, 0.28422548555187116, 0.430828147438966, 0.7900677200902935, 0.7616974972796519, 0.49931911030413073, 0.04798464491362764, 0.779510022271715, 0.33444816053511706, 0.9053497942386831, 0.3546099290780142, 0.8385744234800839, 1.257861635220126, 0.3137254901960784, 0.40716612377850164, 0.19120458891013384, 0.7722007722007722, 0.16797312430011196, 0.2090800477897252, 0.2597402597402597, 0.4411764705882353, 0.027427317608337907, 0.28620492272467085, 0.3180661577608142, 0.33875338753387535, 0.050864699898270596, 0.10810810810810811, 0.5063291139240507, 0.7407407407407408, 0.19342359767891684, 0.10432968179447052, 0.23121387283236997, 0.12239902080783352, 0.13227513227513227, 0.41180507892930684, 0.9230769230769231, 0.5050505050505051, 0.261437908496732, 0.4720161834120027, 0.4601226993865031, 0.7987220447284344, 0.8274231678486997, 0.26007802340702213, 0.84985835694051, 0.8670520231213872, 0.33783783783783783, 0.516795865633075, 0.0, 0.0, 0.37251655629139074, 0.04384042086804033, 0.42643923240938164, 0.3051881993896236, 0.12053033346725592, 0.12285012285012285, 0.5671077504725899, 0.5780346820809248, 0.07173601147776185, 0.07880220646178093, 0.17699115044247787, 0.2004008016032064, 0.14184397163120568, 0.07320644216691069, 0.0, 0.18181818181818182
Eels, 0.0, 0.0, 0.0, 0.0, 0.0, 0.0, 0.0, 0.024142926122646062, 0.0, 0.0, 0.0, 0.0, 0.0, 0.0, 0.0, 0.0, 0.0, 0.0, 0.014488554042306579, 0.0, 0.0, 0.0, 0.0, 0.0, 0.0, 0.0, 0.0, 0.0, 0.0, 0.0, 0.0, 0.02598752598752599, 0.0, 0.014841199168892847, 0.0, 0.03575259206292456, 0.0, 0.0, 0.0, 0.0706713780918728, 0.0, 0.0, 0.0, 0.0, 0.0, 0.0, 0.0, 0.0, 0.0, 0.008959770629871874, 0.0, 0.0, 0.0, 0.0, 0.0, 0.042854081851296334, 0.0, 0.01579778830963665, 0.0, 0.0, 0.0, 0.0, 0.0, 0.0, 0.0, 0.0, 0.0, 0.0, 0.0, 0.05305039787798408, 0.0, 0.12391573729863693, 0.0, 0.0, 0.0, 0.0, 0.0, 0.0, 0.0, 0.0, 0.0, 0.0, 0.0, 0.0, 0.0, 0.0, 0.0, 0.0, 0.0, 0.0, 0.0, 0.0, 0.0, 0.0, 0.0, 0.0, 0.0, 0.0, 0.0, 0.0, 0.0, 0.0, 0.0, 0.0, 0.0, 0.0, 0.0, 0.0, 0.0, 0.1277139208173691, 0.0, 0.0, 0.0, 0.0, 0.0, 0.0, 0.0, 0.0, 0.0, 0.0, 0.0, 0.0, 0.0, 0.0, 0.0, 0.0, 0.0, 0.0, 0.0, 0.0, 0.0, 0.022446689113355782, 0.0, 0.018256503879507075, 0.0, 0.021500752526338422, 0.0, 0.0, 0.0, 0.0, 0.0, 0.01607717041800643, 0.0, 0.0, 0.0, 0.011418783899514702, 0.0, 0.0, 0.0, 0.005623031938821413, 0.0, 0.013250298131707963, 0.0, 0.01015331505736623, 0.0, 0.0, 0.0, 0.0, 0.0, 0.0, 0.0, 0.0, 0.0, 0.06435006435006435, 0.0, 0.012968486577616392, 0.0, 0.0, 0.0, 0.0, 0.0, 0.0, 0.0, 0.022983222247759134, 0.0, 0.0, 0.0, 0.008159934720522235, 0.0, 0.039093041438623924, 0.0, 0.0, 0.0, 0.0, 0.0, 0.0, 0.0, 0.0, 0.0, 0.0, 0.0, 0.0, 0.0, 0.0, 0.0, 0.0, 0.0, 0.0, 0.0, 0.0, 0.0, 0.0, 0.0, 0.20964360587002098, 0.0, 0.0, 0.0, 0.0, 0.0, 0.0, 0.0, 0.0, 0.0, 0.0, 0.0, 0.0, 0.0, 0.05405405405405406, 0.0, 0.0, 0.0, 0.0, 0.0, 0.12239902080783352, 0.0, 0.0, 0.0, 0.0, 0.0, 0.0, 0.0, 0.0, 0.0, 0.0, 0.0, 0.0, 0.0, 0.0, 0.0, 0.0, 0.0, 0.04384042086804033, 0.0, 0.0, 0.0, 0.0, 0.0, 0.0, 0.0, 0.0, 0.0, 0.0, 0.0, 0.07320644216691069, 0.0, 0.0
Knights, 0.029219830524982955, 0.010230179028132993, 0.04645760743321719, 0.0, 0.009535615523982072, 0.0, 0.04633920296570899, 0.0, 0.05206525511975009, 0.018429782528566162, 0.043215211754537596, 0.0, 0.05042864346949068, 0.0, 0.0, 0.0, 0.017781992768656274, 0.0, 0.014488554042306579, 0.0, 0.005914709883480215, 0.0, 0.027843519420854796, 0.0, 0.021666125013541326, 0.0, 0.0, 0.0, 0.010406910188365075, 0.0, 0.0, 0.0, 0.028546959748786755, 0.014841199168892847, 0.03409478349812479, 0.0, 0.0, 0.0, 0.03345600535296086, 0.0, 0.05006257822277847, 0.0, 0.0, 0.0, 0.0241196333815726, 0.0, 0.0, 0.060716454159077116, 0.01738676866904286, 0.0, 0.0, 0.022036139268400177, 0.008409014463504878, 0.0, 0.019798059790140567, 0.0, 0.015216068167985392, 0.0, 0.0, 0.0, 0.014667057788207686, 0.0, 0.0, 0.0, 0.0, 0.0, 0.0, 0.0, 0.0, 0.0, 0.0, 0.0, 0.0, 0.0, 0.2188183807439825, 0.0, 0.0, 0.09165902841429881, 0.0, 0.0, 0.0, 0.0, 0.0, 0.0, 0.0, 0.0, 0.0, 0.0, 0.0, 0.0, 0.136986301369863, 0.0, 0.0, 0.0, 0.0, 0.0, 0.07331378299120235, 0.0, 0.0, 0.0, 0.0, 0.0, 0.0, 0.0, 0.0, 0.0, 0.0, 0.0, 0.12690355329949238, 0.0, 0.0, 0.0, 0.0, 0.0, 0.0, 0.0, 0.0, 0.0, 0.0, 0.0, 0.0, 0.0, 0.0, 0.0, 0.0, 0.0, 0.0, 0.0, 0.017893889236825625, 0.0, 0.12755102040816327, 0.0, 0.008619203585588693, 0.0, 0.0, 0.021500752526338422, 0.01623640201331385, 0.0, 0.0, 0.0, 0.015482272797646694, 0.0, 0.07358351729212656, 0.0, 0.03290556103981573, 0.0, 0.08086253369272238, 0.0, 0.021275464071060048, 0.0, 0.0, 0.0, 0.009908838684106223, 0.0, 0.0, 0.0, 0.0, 0.0, 0.023618327822390175, 0.0, 0.03871966959215281, 0.0, 0.0605143721633888, 0.0, 0.0, 0.0, 0.0, 0.0, 0.02252252252252252, 0.0, 0.0, 0.0, 0.02178174689610107, 0.0, 0.16008537886872998, 0.0, 0.023234200743494422, 0.0, 0.05507618872774004, 0.0, 0.0, 0.0, 0.03581020590868397, 0.0, 0.041864359475300025, 0.0, 0.0, 0.0, 0.013550135501355014, 0.0, 0.0, 0.0, 0.09474182851729039, 0.0, 0.0, 0.0, 0.09078529278256922, 0.0, 0.0, 0.0, 0.0, 0.0, 0.20964360587002098, 0.0, 0.0, 0.0, 0.0, 0.0, 0.0, 0.0, 0.0, 0.0, 0.0, 0.0, 0.0, 0.0, 0.050864699898270596, 0.05405405405405406, 0.0, 0.0, 0.0, 0.0, 0.0, 0.0, 0.06613756613756613, 0.0, 0.0, 0.0, 0.0, 0.0, 0.15337423312883436, 0.0, 0.0, 0.0, 0.28328611898017, 0.0, 0.0, 0.0, 0.0, 0.0, 0.0, 0.0, 0.0, 0.0, 0.0, 0.0, 0.0, 0.0, 0.0, 0.0, 0.0, 0.0, 0.0, 0.0, 0.0, 0.0
Tigers, 0.1363592091165871, 0.14322250639386191, 0.09291521486643438, 0.07356547327121138, 0.07628492419185658, 0.07946756729909606, 0.2548656163113994, 0.1931434089811685, 0.06942034015966678, 0.11057869517139698, 0.12964563526361278, 0.22391401701746527, 0.05042864346949068, 0.0358487184083169, 0.16515276630883566, 0.17368649587494572, 0.053345978305968815, 0.08758210822646231, 0.10141987829614604, 0.07603406326034064, 0.07097651860176257, 0.0365697568111172, 0.06960879855213699, 0.11704462326261889, 0.032499187520311994, 0.02212634140944795, 0.10264305876315115, 0.0, 0.052034550941825373, 0.04389333918577856, 0.0762001524003048, 0.0, 0.05709391949757351, 0.13357079252003562, 0.20456870098874871, 0.10725777618877369, 0.05393743257820927, 0.05706134094151213, 0.16728002676480427, 0.2826855123674912, 0.10012515644555695, 0.13109596224436287, 0.12492192379762648, 0.3080714725816389, 0.0241196333815726, 0.15174506828528073, 0.11806375442739078, 0.24286581663630846, 0.03477353733808572, 0.04479885314935938, 0.10412328196584757, 0.08814455707360071, 0.050454086781029264, 0.008815232722143865, 0.1187883587408434, 0.17141632740518534, 0.10651247717589775, 0.09478672985781991, 0.0, 0.07716049382716049, 0.05866823115283074, 0.07760360080707744, 0.10834236186348861, 0.07434944237918216, 0.1027221366204417, 0.05455537370430987, 0.2544529262086514, 0.2597402597402597, 0.05053057099545225, 0.15915119363395225, 0.11806375442739078, 0.37174721189591076, 0.18975332068311196, 0.0, 0.2188183807439825, 0.228310502283105, 0.0, 0.0, 0.0, 0.22123893805309736, 0.061919504643962855, 0.0328515111695138, 0.1480384900074019, 0.08006405124099279, 0.12453300124533001, 0.06441223832528181, 0.22156573116691286, 0.0, 0.27762354247640203, 0.0, 0.0, 0.14947683109118087, 0.1128668171557562, 0.11702750146284377, 0.0, 0.14492753623188406, 0.0, 0.0, 0.33670033670033667, 0.0, 0.13513513513513514, 0.0, 0.0, 0.0, 0.13850415512465375, 0.0, 0.3058103975535168, 0.6097560975609756, 0.25380710659898476, 0.2554278416347382, 0.5698005698005698, 0.0, 0.043782837127845885, 0.09157509157509157, 0.11086474501108648, 0.21978021978021978, 0.0, 0.0, 0.0, 0.0, 0.0, 0.17211703958691912, 0.6097560975609756, 0.0, 0.07385524372230429, 0.08130081300813008, 0.5376344086021506, 0.0, 0.0, 0.0, 0.04251700680272109, 0.022446689113355782, 0.0, 0.009128251939753538, 0.0, 0.021500752526338422, 0.0, 0.016409583196586804, 0.03871467286101432, 0.0, 0.0, 0.01607717041800643, 0.0, 0.0, 0.016452780519907863, 0.005709391949757351, 0.0, 0.0, 0.0, 0.005623031938821413, 0.0, 0.013250298131707963, 0.0, 0.0, 0.0, 0.0, 0.0, 0.0, 0.0, 0.0, 0.02581311306143521, 0.0, 0.0, 0.032175032175032175, 0.0, 0.0, 0.0, 0.0, 0.0, 0.0, 0.05524861878453039, 0.05455537370430987, 0.02178174689610107, 0.022983222247759134, 0.05336179295624333, 0.0, 0.0, 0.0, 0.018358729575913346, 0.0, 0.0, 0.0, 0.0, 0.0, 0.013954786491766676, 0.0, 0.0, 0.03502626970227671, 0.0, 0.0, 0.0, 0.033863867253640365, 0.047370914258645196, 0.0, 0.0, 0.0, 0.0, 0.0, 0.0, 0.0, 0.0, 0.0, 0.0, 0.0, 0.0, 0.0, 0.0, 0.0, 0.0, 0.0, 0.0, 0.0, 0.0, 0.0, 0.0, 0.06775067750677506, 0.0, 0.0, 0.0, 0.0, 0.0, 0.0, 0.0, 0.0, 0.0, 0.0, 0.0, 0.0, 0.0, 0.0, 0.0, 0.0, 0.0, 0.0, 0.0, 0.0, 0.11261261261261261, 0.0, 0.0, 0.0, 0.0, 0.0, 0.0, 0.0, 0.0, 0.0, 0.0, 0.0, 0.0, 0.0, 0.0, 0.0, 0.0, 0.0, 0.0, 0.0
Titans, 0.0, 0.0, 0.0, 0.0, 0.0, 0.0, 0.0, 0.0, 0.0, 0.0, 0.043215211754537596, 0.0, 0.0, 0.0, 0.0, 0.0, 0.0, 0.0, 0.0, 0.0, 0.0, 0.0, 0.0, 0.0, 0.0, 0.011063170704723974, 0.0, 0.0, 0.0, 0.0, 0.0, 0.0, 0.0, 0.0, 0.0, 0.0, 0.013484358144552318, 0.0, 0.0, 0.0, 0.0, 0.0, 0.06246096189881324, 0.0, 0.0, 0.0, 0.0, 0.0, 0.0, 0.0, 0.0, 0.0, 0.0, 0.0, 0.0, 0.0, 0.0, 0.0, 0.0, 0.0, 0.0, 0.0, 0.0, 0.0, 0.05136106831022085, 0.0, 0.2544529262086514, 0.0, 0.05053057099545225, 0.0, 0.0, 0.24783147459727387, 0.09487666034155598, 0.0, 0.0, 0.0, 0.0, 0.0, 0.0, 0.0, 0.0, 0.0, 0.07401924500370095, 0.0, 0.0, 0.0, 0.0, 0.0, 0.0, 0.06009615384615385, 0.0, 0.0, 0.0, 0.0, 0.0, 0.0, 0.0, 0.0, 0.0, 0.0, 0.0, 0.07380073800738007, 0.0, 0.0, 0.0, 0.0, 0.0, 0.0, 0.0, 0.0, 0.0, 0.6493506493506493, 0.0, 0.0, 0.0, 0.0, 0.0, 0.0, 0.0, 0.0, 0.08285004142502071, 0.0, 0.0, 0.0, 0.0, 0.0, 0.17921146953405018, 0.0, 0.0, 0.0, 0.0, 0.0, 0.0, 0.018256503879507075, 0.0, 0.021500752526338422, 0.0, 0.0, 0.0, 0.04182350480970305, 0.0, 0.0, 0.0, 0.0, 0.0, 0.005709391949757351, 0.0, 0.0, 0.0, 0.005623031938821413, 0.0, 0.0, 0.0, 0.0, 0.0, 0.0, 0.0, 0.0, 0.0, 0.0, 0.0, 0.0, 0.0, 0.0, 0.0, 0.0, 0.0, 0.0, 0.0, 0.0, 0.0, 0.0, 0.0, 0.0, 0.0, 0.0, 0.0, 0.0, 0.018358729575913346, 0.0, 0.0, 0.0, 0.0, 0.0, 0.0, 0.0, 0.0, 0.0, 0.0, 0.0, 0.0, 0.0, 0.0, 0.04786979415988511, 0.1128668171557562, 0.3264417845484222, 0.0, 0.0, 0.33407572383073497, 0.0, 0.0, 0.0, 0.0, 0.0, 0.0, 0.08143322475570033, 0.0, 0.0, 0.0, 0.02986857825567503, 0.0, 0.0, 0.0, 0.0, 0.0, 0.0, 0.0, 0.0, 0.0, 0.0, 0.0, 0.05216484089723526, 0.0, 0.0, 0.06613756613756613, 0.06863417982155114, 0.15384615384615385, 0.0, 0.0, 0.06743088334457181, 0.0, 0.0, 0.0, 0.0, 0.0, 0.0, 0.0, 0.0, 0.0, 0.27932960893854747, 0.0, 0.0, 0.0, 0.10172939979654119, 0.040176777822418644, 0.0, 0.0, 0.0, 0.0, 0.07880220646178093, 0.17699115044247787, 0.0, 0.07092198581560284, 0.0, 0.0, 0.0

percentages, 1.0267, 0.9775, 0.4305, 0.4078, 1.0487, 1.0067, 0.4316, 0.4142, 0.5762, 0.5426, 0.2314, 0.2233, 0.5949, 0.5579, 0.2422, 0.2303, 1.6871, 1.5985, 0.6902, 0.6576, 1.6907, 1.6407, 0.7183, 0.6835, 0.9231, 0.9039, 0.3897, 0.3735, 0.9609, 0.9113, 0.3937, 0.3848, 0.7006, 0.6738, 0.2933, 0.2797, 0.7416, 0.701, 0.2989, 0.283, 0.3995, 0.3814, 0.1601, 0.1623, 0.4146, 0.3954, 0.1694, 0.1647, 1.1503, 1.1161, 0.4802, 0.4538, 1.1892, 1.1344, 0.5051, 0.4667, 0.6572, 0.633, 0.2695, 0.2592, 0.6818, 0.6443, 0.2769, 0.269, 0.1947, 0.1833, 0.0786, 0.077, 0.1979, 0.1885, 0.0847, 0.0807, 0.1054, 0.1044, 0.0457, 0.0438, 0.1129, 0.1091, 0.0449, 0.0452, 0.323, 0.3044, 0.1351, 0.1249, 0.3212, 0.3105, 0.1354, 0.1311, 0.1801, 0.1664, 0.073, 0.0669, 0.1772, 0.1709, 0.0767, 0.069, 0.1364, 0.1301, 0.0594, 0.057, 0.148, 0.1355, 0.058, 0.0588, 0.0722, 0.0725, 0.0327, 0.0328, 0.0788, 0.0783, 0.0351, 0.0308, 0.2284, 0.2184, 0.0902, 0.091, 0.2344, 0.2157, 0.0951, 0.0927, 0.1207, 0.1162, 0.0492, 0.0483, 0.1354, 0.123, 0.0558, 0.053, 1.1177, 1.0717, 0.4704, 0.4455, 1.1602, 1.0955, 0.4833, 0.4651, 0.6159, 0.6094, 0.2583, 0.2391, 0.6459, 0.622, 0.2718, 0.2595, 1.8234, 1.7515, 0.742, 0.7331, 1.8801, 1.7784, 0.7762, 0.7547, 1.0092, 0.9849, 0.4217, 0.4154, 1.0549, 1.0245, 0.4234, 0.4272, 0.7748, 0.7507, 0.3305, 0.3108, 0.7944, 0.7711, 0.3343, 0.3249, 0.444, 0.4246, 0.181, 0.1833, 0.4591, 0.4351, 0.1874, 0.1829, 1.2912, 1.2255, 0.5447, 0.5116, 1.3083, 1.2677, 0.5585, 0.5142, 0.7166, 0.6828, 0.2995, 0.2855, 0.738, 0.682, 0.3106, 0.2953, 0.2111, 0.2089, 0.0886, 0.0919, 0.2203, 0.2084, 0.0898, 0.0897, 0.1215, 0.1128, 0.0477, 0.0477, 0.1275, 0.1228, 0.0523, 0.0518, 0.3572, 0.3348, 0.154, 0.136, 0.3646, 0.3494, 0.1572, 0.1476, 0.1966, 0.185, 0.079, 0.081, 0.2068, 0.1917, 0.0865, 0.0817, 0.1512, 0.1457, 0.065, 0.0594, 0.153, 0.1483, 0.0652, 0.0626, 0.0846, 0.0769, 0.0353, 0.0346, 0.0888, 0.0774, 0.0324, 0.0358, 0.2416, 0.2281, 0.0938, 0.0983, 0.2489, 0.2442, 0.1058, 0.1038, 0.1394, 0.1269, 0.0565, 0.0499, 0.141, 0.1366, 0.0568, 0.055
counts, 10267, 9775, 4305, 4078, 10487, 10067, 4316, 4142, 5762, 5426, 2314, 2233, 5949, 5579, 2422, 2303, 16871, 15985, 6902, 6576, 16907, 16407, 7183, 6835, 9231, 9039, 3897, 3735, 9609, 9113, 3937, 3848, 7006, 6738, 2933, 2797, 7416, 7010, 2989, 2830, 3995, 3814, 1601, 1623, 4146, 3954, 1694, 1647, 11503, 11161, 4802, 4538, 11892, 11344, 5051, 4667, 6572, 6330, 2695, 2592, 6818, 6443, 2769, 2690, 1947, 1833, 786, 770, 1979, 1885, 847, 807, 1054, 1044, 457, 438, 1129, 1091, 449, 452, 3230, 3044, 1351, 1249, 3212, 3105, 1354, 1311, 1801, 1664, 730, 669, 1772, 1709, 767, 690, 1364, 1301, 594, 570, 1480, 1355, 580, 588, 722, 725, 327, 328, 788, 783, 351, 308, 2284, 2184, 902, 910, 2344, 2157, 951, 927, 1207, 1162, 492, 483, 1354, 1230, 558, 530, 11177, 10717, 4704, 4455, 11602, 10955, 4833, 4651, 6159, 6094, 2583, 2391, 6459, 6220, 2718, 2595, 18234, 17515, 7420, 7331, 18801, 17784, 7762, 7547, 10092, 9849, 4217, 4154, 10549, 10245, 4234, 4272, 7748, 7507, 3305, 3108, 7944, 7711, 3343, 3249, 4440, 4246, 1810, 1833, 4591, 4351, 1874, 1829, 12912, 12255, 5447, 5116, 13083, 12677, 5585, 5142, 7166, 6828, 2995, 2855, 7380, 6820, 3106, 2953, 2111, 2089, 886, 919, 2203, 2084, 898, 897, 1215, 1128, 477, 477, 1275, 1228, 523, 518, 3572, 3348, 1540, 1360, 3646, 3494, 1572, 1476, 1966, 1850, 790, 810, 2068, 1917, 865, 817, 1512, 1457, 650, 594, 1530, 1483, 652, 626, 846, 769, 353, 346, 888, 774, 324, 358, 2416, 2281, 938, 983, 2489, 2442, 1058, 1038, 1394, 1269, 565, 499, 1410, 1366, 568, 550